210.89,-48.42,-4926.05
210.89,-48.4125,-4899.88
210.89,-48.405,-4873.45
210.89,-48.3975,-4846.51
210.89,-48.39,-4819.34
210.89,-48.3825,-4791.99
210.89,-48.375,-4764.45
210.89,-48.3675,-4736.72
210.89,-48.36,-4709.35
210.89,-48.3525,-4681.73
210.89,-48.345,-4654.65
210.89,-48.3375,-4627.64
210.89,-48.33,-4601.09
210.89,-48.3225,-4574.87
210.89,-48.315,-4549.1
210.89,-48.3075,-4524.12
210.89,-48.3,-4499.75
210.89,-48.2925,-4475.93
210.89,-48.285,-4453.04
210.89,-48.2775,-4431.04
210.89,-48.27,-4409.98
210.89,-48.2625,-4389.57
210.89,-48.255,-4370.13
210.89,-48.2475,-4351.39
210.89,-48.24,-4333.69
210.89,-48.2325,-4316.5
210.89,-48.225,-4300.49
210.89,-48.2175,-4285.07
210.89,-48.21,-4270.78
210.89,-48.2025,-4257.75
210.89,-48.195,-4246.32
210.89,-48.1875,-4236.93
210.89,-48.18,-4229.98
210.89,-48.1725,-4225.31
210.89,-48.165,-4222.69
210.89,-48.1575,-4222.01
210.89,-48.15,-4223.54
210.89,-48.1425,-4227.17
210.89,-48.135,-4232.53
210.89,-48.1275,-4239.94
210.89,-48.12,-4248.88
210.89,-48.1125,-4259.32
210.89,-48.105,-4270.72
210.89,-48.0975,-4282.59
210.89,-48.09,-4294.9
210.89,-48.0825,-4307.05
210.89,-48.075,-4319.07
210.89,-48.0675,-4331.18
210.89,-48.06,-4343.51
210.89,-48.0525,-4356.1
210.89,-48.045,-4368.85
210.89,-48.0375,-4382.2
210.89,-48.03,-4395.56
210.89,-48.0225,-4409.26
210.89,-48.015,-4423.32
210.89,-48.0075,-4437.57
210.89,-48,-4451.96
210.89,-47.9925,-4466.4
210.89,-47.985,-4481.12
210.89,-47.9775,-4495.52
210.903,-48.42,-4926.99
210.903,-48.4125,-4898.64
210.903,-48.405,-4869.82
210.903,-48.3975,-4840.59
210.903,-48.39,-4811.28
210.903,-48.3825,-4781.5
210.903,-48.375,-4751.92
210.903,-48.3675,-4722.2
210.903,-48.36,-4692.48
210.903,-48.3525,-4662.92
210.903,-48.345,-4633.45
210.903,-48.3375,-4604.6
210.903,-48.33,-4575.76
210.903,-48.3225,-4547.65
210.903,-48.315,-4520.07
210.903,-48.3075,-4493.32
210.903,-48.3,-4467.25
210.903,-48.2925,-4442.03
210.903,-48.285,-4417.85
210.903,-48.2775,-4394.55
210.903,-48.27,-4372.29
210.903,-48.2625,-4351.17
210.903,-48.255,-4330.93
210.903,-48.2475,-4311.67
210.903,-48.24,-4293.27
210.903,-48.2325,-4275.8
210.903,-48.225,-4259.17
210.903,-48.2175,-4243.29
210.903,-48.21,-4228.3
210.903,-48.2025,-4214.66
210.903,-48.195,-4202.63
210.903,-48.1875,-4192.38
210.903,-48.18,-4184.57
210.903,-48.1725,-4179.21
210.903,-48.165,-4176.1
210.903,-48.1575,-4175.27
210.903,-48.15,-4177
210.903,-48.1425,-4181.42
210.903,-48.135,-4187.87
210.903,-48.1275,-4196.56
210.903,-48.12,-4207.34
210.903,-48.1125,-4219.72
210.903,-48.105,-4233.52
210.903,-48.0975,-4247.98
210.903,-48.09,-4262.63
210.903,-48.0825,-4276.72
210.903,-48.075,-4290.63
210.903,-48.0675,-4304.43
210.903,-48.06,-4318.74
210.903,-48.0525,-4333.26
210.903,-48.045,-4347.98
210.903,-48.0375,-4363.37
210.903,-48.03,-4378.95
210.903,-48.0225,-4395.12
210.903,-48.015,-4411.31
210.903,-48.0075,-4428.08
210.903,-48,-4445.22
210.903,-47.9925,-4462.19
210.903,-47.985,-4479.45
210.903,-47.9775,-4496.49
210.916,-48.42,-4923.02
210.916,-48.4125,-4892.29
210.916,-48.405,-4861.21
210.916,-48.3975,-4829.87
210.916,-48.39,-4798.04
210.916,-48.3825,-4766.31
210.916,-48.375,-4734.5
210.916,-48.3675,-4702.43
210.916,-48.36,-4670.46
210.916,-48.3525,-4638.75
210.916,-48.345,-4607.09
210.916,-48.3375,-4575.95
210.916,-48.33,-4545.28
210.916,-48.3225,-4514.99
210.916,-48.315,-4485.39
210.916,-48.3075,-4456.44
210.916,-48.3,-4428.78
210.916,-48.2925,-4401.94
210.916,-48.285,-4376.07
210.916,-48.2775,-4351.52
210.916,-48.27,-4328.18
210.916,-48.2625,-4306.1
210.916,-48.255,-4285.23
210.916,-48.2475,-4265.44
210.916,-48.24,-4246.82
210.916,-48.2325,-4229.07
210.916,-48.225,-4212.12
210.916,-48.2175,-4196.11
210.916,-48.21,-4180.46
210.916,-48.2025,-4166.04
210.916,-48.195,-4153.28
210.916,-48.1875,-4142.11
210.916,-48.18,-4133.25
210.916,-48.1725,-4126.9
210.916,-48.165,-4122.93
210.916,-48.1575,-4121.97
210.916,-48.15,-4123.87
210.916,-48.1425,-4128.6
210.916,-48.135,-4135.95
210.916,-48.1275,-4146.09
210.916,-48.12,-4158.5
210.916,-48.1125,-4172.89
210.916,-48.105,-4188.78
210.916,-48.0975,-4205.78
210.916,-48.09,-4222.52
210.916,-48.0825,-4238.98
210.916,-48.075,-4254.94
210.916,-48.0675,-4271.17
210.916,-48.06,-4287.47
210.916,-48.0525,-4304.24
210.916,-48.045,-4321.37
210.916,-48.0375,-4338.89
210.916,-48.03,-4356.93
210.916,-48.0225,-4375.37
210.916,-48.015,-4394.39
210.916,-48.0075,-4413.7
210.916,-48,-4433.13
210.916,-47.9925,-4453.03
210.916,-47.985,-4473.05
210.916,-47.9775,-4492.9
210.928,-48.42,-4914.35
210.928,-48.4125,-4881.47
210.928,-48.405,-4848.1
210.928,-48.3975,-4814.68
210.928,-48.39,-4780.8
210.928,-48.3825,-4746.55
210.928,-48.375,-4712.47
210.928,-48.3675,-4678.13
210.928,-48.36,-4644.06
210.928,-48.3525,-4610.07
210.928,-48.345,-4576.29
210.928,-48.3375,-4542.76
210.928,-48.33,-4509.77
210.928,-48.3225,-4477.14
210.928,-48.315,-4445.65
210.928,-48.3075,-4414.67
210.928,-48.3,-4384.63
210.928,-48.2925,-4355.9
210.928,-48.285,-4328.2
210.928,-48.2775,-4302.04
210.928,-48.27,-4277.33
210.928,-48.2625,-4254.15
210.928,-48.255,-4232.37
210.928,-48.2475,-4212.27
210.928,-48.24,-4193.35
210.928,-48.2325,-4175.63
210.928,-48.225,-4158.81
210.928,-48.2175,-4142.38
210.928,-48.21,-4126.25
210.928,-48.2025,-4111.11
210.928,-48.195,-4097.29
210.928,-48.1875,-4085.28
210.928,-48.18,-4075.67
210.928,-48.1725,-4068.22
210.928,-48.165,-4063.67
210.928,-48.1575,-4062.35
210.928,-48.15,-4064.04
210.928,-48.1425,-4069.13
210.928,-48.135,-4077.56
210.928,-48.1275,-4089.26
210.928,-48.12,-4103.62
210.928,-48.1125,-4119.93
210.928,-48.105,-4137.88
210.928,-48.0975,-4156.69
210.928,-48.09,-4175.61
210.928,-48.0825,-4194.58
210.928,-48.075,-4213.51
210.928,-48.0675,-4232.27
210.928,-48.06,-4251.18
210.928,-48.0525,-4270.33
210.928,-48.045,-4290.07
210.928,-48.0375,-4309.91
210.928,-48.03,-4330.5
210.928,-48.0225,-4351.45
210.928,-48.015,-4372.88
210.928,-48.0075,-4394.74
210.928,-48,-4417
210.928,-47.9925,-4439.6
210.928,-47.985,-4462.37
210.928,-47.9775,-4485.16
210.941,-48.42,-4901.84
210.941,-48.4125,-4866.73
210.941,-48.405,-4831.16
210.941,-48.3975,-4795.21
210.941,-48.39,-4759.31
210.941,-48.3825,-4723
210.941,-48.375,-4686.65
210.941,-48.3675,-4650.18
210.941,-48.36,-4614.02
210.941,-48.3525,-4577.59
210.941,-48.345,-4541.49
210.941,-48.3375,-4505.79
210.941,-48.33,-4470.29
210.941,-48.3225,-4435.43
210.941,-48.315,-4401.18
210.941,-48.3075,-4367.79
210.941,-48.3,-4335.46
210.941,-48.2925,-4304.3
210.941,-48.285,-4274.47
210.941,-48.2775,-4246.43
210.941,-48.27,-4219.59
210.941,-48.2625,-4194.83
210.941,-48.255,-4172.1
210.941,-48.2475,-4150.99
210.941,-48.24,-4132.09
210.941,-48.2325,-4114.4
210.941,-48.225,-4097.83
210.941,-48.2175,-4081.49
210.941,-48.21,-4064.52
210.941,-48.2025,-4048.53
210.941,-48.195,-4033.97
210.941,-48.1875,-4021.45
210.941,-48.18,-4011.28
210.941,-48.1725,-4003.63
210.941,-48.165,-3998.76
210.941,-48.1575,-3997.07
210.941,-48.15,-3999.01
210.941,-48.1425,-4004.75
210.941,-48.135,-4014.46
210.941,-48.1275,-4028.22
210.941,-48.12,-4044.81
210.941,-48.1125,-4063.49
210.941,-48.105,-4083.55
210.941,-48.0975,-4104.25
210.941,-48.09,-4125.86
210.941,-48.0825,-4147.29
210.941,-48.075,-4168.74
210.941,-48.0675,-4190.26
210.941,-48.06,-4211.64
210.941,-48.0525,-4233.39
210.941,-48.045,-4255.2
210.941,-48.0375,-4277.66
210.941,-48.03,-4300.53
210.941,-48.0225,-4323.89
210.941,-48.015,-4347.92
210.941,-48.0075,-4372.63
210.941,-48,-4397.67
210.941,-47.9925,-4422.97
210.941,-47.985,-4448.52
210.941,-47.9775,-4474.05
210.954,-48.42,-4885.82
210.954,-48.4125,-4848.39
210.954,-48.405,-4810.7
210.954,-48.3975,-4773.02
210.954,-48.39,-4734.62
210.954,-48.3825,-4696.21
210.954,-48.375,-4657.69
210.954,-48.3675,-4619.07
210.954,-48.36,-4580.45
210.954,-48.3525,-4542
210.954,-48.345,-4503.54
210.954,-48.3375,-4465.35
210.954,-48.33,-4427.48
210.954,-48.3225,-4390.06
210.954,-48.315,-4353.34
210.954,-48.3075,-4317.41
210.954,-48.3,-4282.21
210.954,-48.2925,-4248.35
210.954,-48.285,-4216.02
210.954,-48.2775,-4184.88
210.954,-48.27,-4155.86
210.954,-48.2625,-4128.91
210.954,-48.255,-4104.01
210.954,-48.2475,-4081.36
210.954,-48.24,-4060.95
210.954,-48.2325,-4042.71
210.954,-48.225,-4025.92
210.954,-48.2175,-4009.32
210.954,-48.21,-3992.42
210.954,-48.2025,-3976.51
210.954,-48.195,-3962.2
210.954,-48.1875,-3950.27
210.954,-48.18,-3940.79
210.954,-48.1725,-3933.56
210.954,-48.165,-3929.55
210.954,-48.1575,-3928.43
210.954,-48.15,-3930.9
210.954,-48.1425,-3937.54
210.954,-48.135,-3949.38
210.954,-48.1275,-3966.04
210.954,-48.12,-3985.41
210.954,-48.1125,-4006.69
210.954,-48.105,-4029.29
210.954,-48.0975,-4052.39
210.954,-48.09,-4075.92
210.954,-48.0825,-4099.42
210.954,-48.075,-4123.44
210.954,-48.0675,-4146.69
210.954,-48.06,-4170.7
210.954,-48.0525,-4194.59
210.954,-48.045,-4218.87
210.954,-48.0375,-4243.43
210.954,-48.03,-4268.67
210.954,-48.0225,-4294.56
210.954,-48.015,-4320.81
210.954,-48.0075,-4348.02
210.954,-48,-4375.88
210.954,-47.9925,-4403.98
210.954,-47.985,-4432.24
210.954,-47.9775,-4460.55
210.967,-48.42,-4866.38
210.967,-48.4125,-4827.29
210.967,-48.405,-4787.51
210.967,-48.3975,-4747.45
210.967,-48.39,-4707.22
210.967,-48.3825,-4667
210.967,-48.375,-4626.33
210.967,-48.3675,-4585.53
210.967,-48.36,-4544.78
210.967,-48.3525,-4504
210.967,-48.345,-4463.34
210.967,-48.3375,-4422.74
210.967,-48.33,-4382.46
210.967,-48.3225,-4342.46
210.967,-48.315,-4302.91
210.967,-48.3075,-4264.16
210.967,-48.3,-4226.45
210.967,-48.2925,-4189.32
210.967,-48.285,-4153.91
210.967,-48.2775,-4120.02
210.967,-48.27,-4087.78
210.967,-48.2625,-4057.44
210.967,-48.255,-4029.68
210.967,-48.2475,-4004.22
210.967,-48.24,-3981.4
210.967,-48.2325,-3960.66
210.967,-48.225,-3942.1
210.967,-48.2175,-3925.14
210.967,-48.21,-3909.17
210.967,-48.2025,-3894.88
210.967,-48.195,-3882.59
210.967,-48.1875,-3872.46
210.967,-48.18,-3864.59
210.967,-48.1725,-3859.68
210.967,-48.165,-3857.64
210.967,-48.1575,-3858.88
210.967,-48.15,-3864.09
210.967,-48.1425,-3873.61
210.967,-48.135,-3888.14
210.967,-48.1275,-3907.16
210.967,-48.12,-3928.93
210.967,-48.1125,-3952.78
210.967,-48.105,-3977.19
210.967,-48.0975,-4002.42
210.967,-48.09,-4027.83
210.967,-48.0825,-4053.24
210.967,-48.075,-4078.85
210.967,-48.0675,-4104.51
210.967,-48.06,-4130.26
210.967,-48.0525,-4156.17
210.967,-48.045,-4182.27
210.967,-48.0375,-4208.8
210.967,-48.03,-4235.97
210.967,-48.0225,-4263.99
210.967,-48.015,-4292.86
210.967,-48.0075,-4322.75
210.967,-48,-4352.91
210.967,-47.9925,-4383.69
210.967,-47.985,-4414.77
210.967,-47.9775,-4445.96
210.98,-48.42,-4844.84
210.98,-48.4125,-4803.62
210.98,-48.405,-4761.85
210.98,-48.3975,-4720
210.98,-48.39,-4677.82
210.98,-48.3825,-4635.43
210.98,-48.375,-4592.86
210.98,-48.3675,-4550.21
210.98,-48.36,-4507.41
210.98,-48.3525,-4464.6
210.98,-48.345,-4421.91
210.98,-48.3375,-4379.01
210.98,-48.33,-4336.31
210.98,-48.3225,-4293.84
210.98,-48.315,-4251.68
210.98,-48.3075,-4209.97
210.98,-48.3,-4169.22
210.98,-48.2925,-4129.28
210.98,-48.285,-4090.79
210.98,-48.2775,-4053.45
210.98,-48.27,-4018.07
210.98,-48.2625,-3984.24
210.98,-48.255,-3952.72
210.98,-48.2475,-3923.66
210.98,-48.24,-3897.16
210.98,-48.2325,-3873.55
210.98,-48.225,-3852.81
210.98,-48.2175,-3834.69
210.98,-48.21,-3819.23
210.98,-48.2025,-3806.5
210.98,-48.195,-3796
210.98,-48.1875,-3788.29
210.98,-48.18,-3783.09
210.98,-48.1725,-3780.74
210.98,-48.165,-3782.35
210.98,-48.1575,-3788.08
210.98,-48.15,-3798.15
210.98,-48.1425,-3812.51
210.98,-48.135,-3830.63
210.98,-48.1275,-3852.47
210.98,-48.12,-3876.63
210.98,-48.1125,-3902.32
210.98,-48.105,-3928.84
210.98,-48.0975,-3955.61
210.98,-48.09,-3982.91
210.98,-48.0825,-4009.74
210.98,-48.075,-4036.8
210.98,-48.0675,-4064.2
210.98,-48.06,-4091.71
210.98,-48.0525,-4119.38
210.98,-48.045,-4147.62
210.98,-48.0375,-4176.01
210.98,-48.03,-4204.86
210.98,-48.0225,-4234.51
210.98,-48.015,-4265.48
210.98,-48.0075,-4297.66
210.98,-48,-4330.33
210.98,-47.9925,-4363.46
210.98,-47.985,-4396.79
210.98,-47.9775,-4430.22
210.993,-48.42,-4820.92
210.993,-48.4125,-4777.7
210.993,-48.405,-4734.25
210.993,-48.3975,-4690.51
210.993,-48.39,-4646.71
210.993,-48.3825,-4602.73
210.993,-48.375,-4558.42
210.993,-48.3675,-4513.86
210.993,-48.36,-4469.16
210.993,-48.3525,-4424.45
210.993,-48.345,-4379.73
210.993,-48.3375,-4334.71
210.993,-48.33,-4289.82
210.993,-48.3225,-4245.08
210.993,-48.315,-4200.32
210.993,-48.3075,-4156.08
210.993,-48.3,-4112.71
210.993,-48.2925,-4070.29
210.993,-48.285,-4028.98
210.993,-48.2775,-3989.27
210.993,-48.27,-3950.54
210.993,-48.2625,-3913.55
210.993,-48.255,-3878.35
210.993,-48.2475,-3845.02
210.993,-48.24,-3814.69
210.993,-48.2325,-3787.43
210.993,-48.225,-3763.1
210.993,-48.2175,-3742.16
210.993,-48.21,-3725.1
210.993,-48.2025,-3711.85
210.993,-48.195,-3702.8
210.993,-48.1875,-3696.82
210.993,-48.18,-3693.36
210.993,-48.1725,-3694.26
210.993,-48.165,-3700.79
210.993,-48.1575,-3712.67
210.993,-48.15,-3729.15
210.993,-48.1425,-3749.51
210.993,-48.135,-3773.2
210.993,-48.1275,-3799.21
210.993,-48.12,-3826.56
210.993,-48.1125,-3855.07
210.993,-48.105,-3884.06
210.993,-48.0975,-3912.61
210.993,-48.09,-3941.29
210.993,-48.0825,-3969.77
210.993,-48.075,-3997.98
210.993,-48.0675,-4026.81
210.993,-48.06,-4055.83
210.993,-48.0525,-4085.37
210.993,-48.045,-4115.52
210.993,-48.0375,-4145.73
210.993,-48.03,-4176.62
210.993,-48.0225,-4208.18
210.993,-48.015,-4241.06
210.993,-48.0075,-4274.83
210.993,-48,-4309.15
210.993,-47.9925,-4343.97
210.993,-47.985,-4379.11
210.993,-47.9775,-4414.75
211.005,-48.42,-4795.36
211.005,-48.4125,-4750.41
211.005,-48.405,-4705.33
211.005,-48.3975,-4659.93
211.005,-48.39,-4614.43
211.005,-48.3825,-4568.73
211.005,-48.375,-4522.99
211.005,-48.3675,-4477.18
211.005,-48.36,-4430.84
211.005,-48.3525,-4384.42
211.005,-48.345,-4337.85
211.005,-48.3375,-4290.93
211.005,-48.33,-4243.81
211.005,-48.3225,-4196.67
211.005,-48.315,-4149.96
211.005,-48.3075,-4103.55
211.005,-48.3,-4058.24
211.005,-48.2925,-4014.23
211.005,-48.285,-3971.57
211.005,-48.2775,-3930.63
211.005,-48.27,-3890.92
211.005,-48.2625,-3852.02
211.005,-48.255,-3813.87
211.005,-48.2475,-3776.93
211.005,-48.24,-3742.15
211.005,-48.2325,-3710.46
211.005,-48.225,-3681.1
211.005,-48.2175,-3653.54
211.005,-48.21,-3629
211.005,-48.2025,-3609.52
211.005,-48.195,-3596.74
211.005,-48.1875,-3590.09
211.005,-48.18,-3589.2
211.005,-48.1725,-3595.93
211.005,-48.165,-3610.17
211.005,-48.1575,-3630.65
211.005,-48.15,-3655.71
211.005,-48.1425,-3683.97
211.005,-48.135,-3714.31
211.005,-48.1275,-3745.98
211.005,-48.12,-3778.07
211.005,-48.1125,-3810.34
211.005,-48.105,-3842.12
211.005,-48.0975,-3873.41
211.005,-48.09,-3903.92
211.005,-48.0825,-3933.63
211.005,-48.075,-3963.13
211.005,-48.0675,-3993.18
211.005,-48.06,-4023.79
211.005,-48.0525,-4055.12
211.005,-48.045,-4086.7
211.005,-48.0375,-4118.56
211.005,-48.03,-4150.77
211.005,-48.0225,-4184.04
211.005,-48.015,-4218.13
211.005,-48.0075,-4252.92
211.005,-48,-4288.87
211.005,-47.9925,-4325.01
211.005,-47.985,-4361.8
211.005,-47.9775,-4398.83
211.018,-48.42,-4768.58
211.018,-48.4125,-4721.76
211.018,-48.405,-4675.08
211.018,-48.3975,-4628.39
211.018,-48.39,-4581.47
211.018,-48.3825,-4534.43
211.018,-48.375,-4487.47
211.018,-48.3675,-4440.41
211.018,-48.36,-4392.92
211.018,-48.3525,-4345.24
211.018,-48.345,-4297.2
211.018,-48.3375,-4248.46
211.018,-48.33,-4199.46
211.018,-48.3225,-4150.25
211.018,-48.315,-4101.47
211.018,-48.3075,-4053.11
211.018,-48.3,-4006.2
211.018,-48.2925,-3961.35
211.018,-48.285,-3919.18
211.018,-48.2775,-3879.71
211.018,-48.27,-3842.35
211.018,-48.2625,-3806.3
211.018,-48.255,-3769.82
211.018,-48.2475,-3732.09
211.018,-48.24,-3693.92
211.018,-48.2325,-3659.5
211.018,-48.225,-3622.39
211.018,-48.2175,-3580.98
211.018,-48.21,-3539.44
211.018,-48.2025,-3503.38
211.018,-48.195,-3478.39
211.018,-48.1875,-3467.76
211.018,-48.18,-3470.86
211.018,-48.1725,-3486.06
211.018,-48.165,-3511.03
211.018,-48.1575,-3542.83
211.018,-48.15,-3578.49
211.018,-48.1425,-3615.94
211.018,-48.135,-3653.96
211.018,-48.1275,-3692.07
211.018,-48.12,-3729.77
211.018,-48.1125,-3766.73
211.018,-48.105,-3802.63
211.018,-48.0975,-3836.87
211.018,-48.09,-3870.1
211.018,-48.0825,-3902.11
211.018,-48.075,-3933.38
211.018,-48.0675,-3964.43
211.018,-48.06,-3996.28
211.018,-48.0525,-4028.32
211.018,-48.045,-4060.64
211.018,-48.0375,-4093.3
211.018,-48.03,-4126.66
211.018,-48.0225,-4160.99
211.018,-48.015,-4195.94
211.018,-48.0075,-4231.81
211.018,-48,-4268.72
211.018,-47.9925,-4306.34
211.018,-47.985,-4344.43
211.018,-47.9775,-4383.01
211.031,-48.42,-4740.74
211.031,-48.4125,-4692.74
211.031,-48.405,-4644.34
211.031,-48.3975,-4596.2
211.031,-48.39,-4548.18
211.031,-48.3825,-4499.91
211.031,-48.375,-4452.06
211.031,-48.3675,-4404.23
211.031,-48.36,-4356
211.031,-48.3525,-4307.46
211.031,-48.345,-4258.29
211.031,-48.3375,-4208.36
211.031,-48.33,-4157.86
211.031,-48.3225,-4106.65
211.031,-48.315,-4055.28
211.031,-48.3075,-4004.7
211.031,-48.3,-3955.99
211.031,-48.2925,-3910.45
211.031,-48.285,-3869.58
211.031,-48.2775,-3834.25
211.031,-48.27,-3804.1
211.031,-48.2625,-3777.79
211.031,-48.255,-3752.95
211.031,-48.2475,-3726.74
211.031,-48.24,-3696.69
211.031,-48.2325,-3659.02
211.031,-48.225,-3608.41
211.031,-48.2175,-3543.32
211.031,-48.21,-3470.58
211.031,-48.2025,-3404.53
211.031,-48.195,-3359.93
211.031,-48.1875,-3342.46
211.031,-48.18,-3348.66
211.031,-48.1725,-3372.47
211.031,-48.165,-3408.54
211.031,-48.1575,-3452.4
211.031,-48.15,-3499.21
211.031,-48.1425,-3545.3
211.031,-48.135,-3590.66
211.031,-48.1275,-3635.49
211.031,-48.12,-3679.6
211.031,-48.1125,-3722.36
211.031,-48.105,-3763.24
211.031,-48.0975,-3801.96
211.031,-48.09,-3838.43
211.031,-48.0825,-3873.22
211.031,-48.075,-3906.64
211.031,-48.0675,-3939.48
211.031,-48.06,-3971.74
211.031,-48.0525,-4004.05
211.031,-48.045,-4036.38
211.031,-48.0375,-4069.29
211.031,-48.03,-4102.77
211.031,-48.0225,-4137.67
211.031,-48.015,-4173.43
211.031,-48.0075,-4210.21
211.031,-48,-4248.34
211.031,-47.9925,-4287.06
211.031,-47.985,-4326.65
211.031,-47.9775,-4366.72
211.044,-48.42,-4712.77
211.044,-48.4125,-4662.98
211.044,-48.405,-4613.3
211.044,-48.3975,-4563.74
211.044,-48.39,-4514.37
211.044,-48.3825,-4465.3
211.044,-48.375,-4416.8
211.044,-48.3675,-4368.27
211.044,-48.36,-4319.8
211.044,-48.3525,-4271.11
211.044,-48.345,-4221.74
211.044,-48.3375,-4171.44
211.044,-48.33,-4119.38
211.044,-48.3225,-4066.07
211.044,-48.315,-4011.82
211.044,-48.3075,-3957.78
211.044,-48.3,-3905.6
211.044,-48.2925,-3857.6
211.044,-48.285,-3816.62
211.044,-48.2775,-3785.44
211.044,-48.27,-3764.67
211.044,-48.2625,-3752.8
211.044,-48.255,-3746.33
211.044,-48.2475,-3741.1
211.044,-48.24,-3730.12
211.044,-48.2325,-3703.21
211.044,-48.225,-3648.3
211.044,-48.2175,-3558.52
211.044,-48.21,-3441.16
211.044,-48.2025,-3324.65
211.044,-48.195,-3252.3
211.044,-48.1875,-3228.85
211.044,-48.18,-3236.16
211.044,-48.1725,-3264
211.044,-48.165,-3306.04
211.044,-48.1575,-3357.26
211.044,-48.15,-3412.3
211.044,-48.1425,-3465.71
211.044,-48.135,-3518.67
211.044,-48.1275,-3571.58
211.044,-48.12,-3623.95
211.044,-48.1125,-3674.21
211.044,-48.105,-3721.39
211.044,-48.0975,-3764.92
211.044,-48.09,-3805.23
211.044,-48.0825,-3843.26
211.044,-48.075,-3879.37
211.044,-48.0675,-3913.59
211.044,-48.06,-3946.99
211.044,-48.0525,-3979.61
211.044,-48.045,-4011.84
211.044,-48.0375,-4044.59
211.044,-48.03,-4078.22
211.044,-48.0225,-4113.18
211.044,-48.015,-4149.79
211.044,-48.0075,-4187.84
211.044,-48,-4227
211.044,-47.9925,-4267.07
211.044,-47.985,-4308.12
211.044,-47.9775,-4349.55
211.057,-48.42,-4684.75
211.057,-48.4125,-4633.54
211.057,-48.405,-4582.4
211.057,-48.3975,-4531.32
211.057,-48.39,-4481.06
211.057,-48.3825,-4430.99
211.057,-48.375,-4381.63
211.057,-48.3675,-4332.95
211.057,-48.36,-4284.75
211.057,-48.3525,-4236.28
211.057,-48.345,-4187.31
211.057,-48.3375,-4136.83
211.057,-48.33,-4084.1
211.057,-48.3225,-4028.78
211.057,-48.315,-3971.18
211.057,-48.3075,-3912.29
211.057,-48.3,-3854.67
211.057,-48.2925,-3801.15
211.057,-48.285,-3755.49
211.057,-48.2775,-3724.02
211.057,-48.27,-3709.84
211.057,-48.2625,-3708.25
211.057,-48.255,-3716.75
211.057,-48.2475,-3732.87
211.057,-48.24,-3750.34
211.057,-48.2325,-3755.97
211.057,-48.225,-3725.48
211.057,-48.2175,-3631.5
211.057,-48.21,-3478.04
211.057,-48.2025,-3315.62
211.057,-48.195,-3203.55
211.057,-48.1875,-3153.16
211.057,-48.18,-3145.24
211.057,-48.1725,-3165.36
211.057,-48.165,-3204.05
211.057,-48.1575,-3254.82
211.057,-48.15,-3312.17
211.057,-48.1425,-3372.44
211.057,-48.135,-3434.16
211.057,-48.1275,-3496.7
211.057,-48.12,-3558.65
211.057,-48.1125,-3618.58
211.057,-48.105,-3673.02
211.057,-48.0975,-3722.03
211.057,-48.09,-3767.11
211.057,-48.0825,-3809.18
211.057,-48.075,-3848.57
211.057,-48.0675,-3885.4
211.057,-48.06,-3920.21
211.057,-48.0525,-3953.73
211.057,-48.045,-3986.01
211.057,-48.0375,-4018.36
211.057,-48.03,-4051.83
211.057,-48.0225,-4087.5
211.057,-48.015,-4125.05
211.057,-48.0075,-4164.09
211.057,-48,-4204.39
211.057,-47.9925,-4246.08
211.057,-47.985,-4288.38
211.057,-47.9775,-4332.07
211.07,-48.42,-4657.86
211.07,-48.4125,-4605.24
211.07,-48.405,-4552.7
211.07,-48.3975,-4499.92
211.07,-48.39,-4448.03
211.07,-48.3825,-4396.71
211.07,-48.375,-4346.61
211.07,-48.3675,-4297.7
211.07,-48.36,-4249.67
211.07,-48.3525,-4201.79
211.07,-48.345,-4153.36
211.07,-48.3375,-4103.36
211.07,-48.33,-4050.49
211.07,-48.3225,-3993.61
211.07,-48.315,-3931.7
211.07,-48.3075,-3866.65
211.07,-48.3,-3802.62
211.07,-48.2925,-3743.45
211.07,-48.285,-3693.27
211.07,-48.2775,-3656.43
211.07,-48.27,-3634.67
211.07,-48.2625,-3626.06
211.07,-48.255,-3629.69
211.07,-48.2475,-3646.56
211.07,-48.24,-3676.14
211.07,-48.2325,-3710.38
211.07,-48.225,-3724.78
211.07,-48.2175,-3649.65
211.07,-48.21,-3461.24
211.07,-48.2025,-3273.3
211.07,-48.195,-3135.98
211.07,-48.1875,-3063.68
211.07,-48.18,-3045.3
211.07,-48.1725,-3059.1
211.07,-48.165,-3096.06
211.07,-48.1575,-3147.3
211.07,-48.15,-3206.5
211.07,-48.1425,-3270.91
211.07,-48.135,-3339.05
211.07,-48.1275,-3409.53
211.07,-48.12,-3480.43
211.07,-48.1125,-3548.79
211.07,-48.105,-3611.86
211.07,-48.0975,-3669.17
211.07,-48.09,-3721.2
211.07,-48.0825,-3768.91
211.07,-48.075,-3812.65
211.07,-48.0675,-3853
211.07,-48.06,-3890.25
211.07,-48.0525,-3925.06
211.07,-48.045,-3958.1
211.07,-48.0375,-3990.89
211.07,-48.03,-4024.52
211.07,-48.0225,-4060.32
211.07,-48.015,-4098.28
211.07,-48.0075,-4138.29
211.07,-48,-4180.01
211.07,-47.9925,-4223.29
211.07,-47.985,-4267.89
211.07,-47.9775,-4313
211.083,-48.42,-4633.16
211.083,-48.4125,-4579.25
211.083,-48.405,-4525.31
211.083,-48.3975,-4471.14
211.083,-48.39,-4417.4
211.083,-48.3825,-4364.47
211.083,-48.375,-4312.76
211.083,-48.3675,-4263.16
211.083,-48.36,-4215.2
211.083,-48.3525,-4167.71
211.083,-48.345,-4118.98
211.083,-48.3375,-4067.67
211.083,-48.33,-4012.85
211.083,-48.3225,-3953.01
211.083,-48.315,-3885.4
211.083,-48.3075,-3813.08
211.083,-48.3,-3742.01
211.083,-48.2925,-3676.59
211.083,-48.285,-3619.71
211.083,-48.2775,-3573.11
211.083,-48.27,-3536.48
211.083,-48.2625,-3507.53
211.083,-48.255,-3483.73
211.083,-48.2475,-3466.04
211.083,-48.24,-3461.64
211.083,-48.2325,-3470.53
211.083,-48.225,-3454.2
211.083,-48.2175,-3369.76
211.083,-48.21,-3217.56
211.083,-48.2025,-3052.93
211.083,-48.195,-2940.05
211.083,-48.1875,-2892.86
211.083,-48.18,-2892.54
211.083,-48.1725,-2923.56
211.083,-48.165,-2974.28
211.083,-48.1575,-3033.11
211.083,-48.15,-3094.66
211.083,-48.1425,-3161.47
211.083,-48.135,-3235.27
211.083,-48.1275,-3314.23
211.083,-48.12,-3394.63
211.083,-48.1125,-3472.21
211.083,-48.105,-3544.16
211.083,-48.0975,-3609.44
211.083,-48.09,-3668.29
211.083,-48.0825,-3721.8
211.083,-48.075,-3770.71
211.083,-48.0675,-3815.16
211.083,-48.06,-3855.34
211.083,-48.0525,-3891.84
211.083,-48.045,-3925.8
211.083,-48.0375,-3958.92
211.083,-48.03,-3993.1
211.083,-48.0225,-4029.39
211.083,-48.015,-4068.07
211.083,-48.0075,-4109.27
211.083,-48,-4152.99
211.083,-47.9925,-4198.53
211.083,-47.985,-4245.35
211.083,-47.9775,-4293.02
211.095,-48.42,-4611.24
211.095,-48.4125,-4556.98
211.095,-48.405,-4502.21
211.095,-48.3975,-4447.18
211.095,-48.39,-4392.28
211.095,-48.3825,-4337.44
211.095,-48.375,-4283.6
211.095,-48.3675,-4232.93
211.095,-48.36,-4185.28
211.095,-48.3525,-4137.11
211.095,-48.345,-4086.09
211.095,-48.3375,-4030.57
211.095,-48.33,-3968.89
211.095,-48.3225,-3900.25
211.095,-48.315,-3824.84
211.095,-48.3075,-3745.29
211.095,-48.3,-3666.12
211.095,-48.2925,-3591.87
211.095,-48.285,-3526.62
211.095,-48.2775,-3471.62
211.095,-48.27,-3425.42
211.095,-48.2625,-3382.79
211.095,-48.255,-3337.56
211.095,-48.2475,-3288.37
211.095,-48.24,-3244.42
211.095,-48.2325,-3214.37
211.095,-48.225,-3166.67
211.095,-48.2175,-3078.05
211.095,-48.21,-2952.75
211.095,-48.2025,-2823.3
211.095,-48.195,-2743.39
211.095,-48.1875,-2720.43
211.095,-48.18,-2736.46
211.095,-48.1725,-2782.19
211.095,-48.165,-2845.06
211.095,-48.1575,-2910.6
211.095,-48.15,-2973.8
211.095,-48.1425,-3043.33
211.095,-48.135,-3125.9
211.095,-48.1275,-3218.43
211.095,-48.12,-3312.2
211.095,-48.1125,-3399.86
211.095,-48.105,-3478.49
211.095,-48.0975,-3548.2
211.095,-48.09,-3610.43
211.095,-48.0825,-3667.36
211.095,-48.075,-3719.85
211.095,-48.0675,-3768.69
211.095,-48.06,-3812.68
211.095,-48.0525,-3850.46
211.095,-48.045,-3884.88
211.095,-48.0375,-3918.9
211.095,-48.03,-3953.99
211.095,-48.0225,-3991.62
211.095,-48.015,-4032.15
211.095,-48.0075,-4075.93
211.095,-48,-4122.47
211.095,-47.9925,-4171.4
211.095,-47.985,-4221.34
211.095,-47.9775,-4271.85
211.108,-48.42,-4592.46
211.108,-48.4125,-4538.49
211.108,-48.405,-4484.39
211.108,-48.3975,-4429.95
211.108,-48.39,-4375.66
211.108,-48.3825,-4321.43
211.108,-48.375,-4268.22
211.108,-48.3675,-4217.06
211.108,-48.36,-4167.66
211.108,-48.3525,-4116.77
211.108,-48.345,-4061.64
211.108,-48.3375,-3999.87
211.108,-48.33,-3929.94
211.108,-48.3225,-3850.92
211.108,-48.315,-3763.93
211.108,-48.3075,-3671.28
211.108,-48.3,-3577.82
211.108,-48.2925,-3489.23
211.108,-48.285,-3411.65
211.108,-48.2775,-3349.4
211.108,-48.27,-3302.35
211.108,-48.2625,-3263.96
211.108,-48.255,-3219.55
211.108,-48.2475,-3167.97
211.108,-48.24,-3113.09
211.108,-48.2325,-3052.82
211.108,-48.225,-2981.47
211.108,-48.2175,-2893.35
211.108,-48.21,-2794.1
211.108,-48.2025,-2705.05
211.108,-48.195,-2643.19
211.108,-48.1875,-2614.26
211.108,-48.18,-2620.33
211.108,-48.1725,-2669.4
211.108,-48.165,-2734.28
211.108,-48.1575,-2798.63
211.108,-48.15,-2860.5
211.108,-48.1425,-2929.1
211.108,-48.135,-3025.91
211.108,-48.1275,-3139.71
211.108,-48.12,-3247.6
211.108,-48.1125,-3340.76
211.108,-48.105,-3418.68
211.108,-48.0975,-3485.47
211.108,-48.09,-3545.5
211.108,-48.0825,-3601.72
211.108,-48.075,-3655.52
211.108,-48.0675,-3706.54
211.108,-48.06,-3753.4
211.108,-48.0525,-3794.8
211.108,-48.045,-3832.96
211.108,-48.0375,-3869.75
211.108,-48.03,-3907.42
211.108,-48.0225,-3947.66
211.108,-48.015,-3991.54
211.108,-48.0075,-4039.1
211.108,-48,-4089.78
211.108,-47.9925,-4142.4
211.108,-47.985,-4196.1
211.108,-47.9775,-4249.85
211.121,-48.42,-4575.95
211.121,-48.4125,-4523.11
211.121,-48.405,-4470.6
211.121,-48.3975,-4418.02
211.121,-48.39,-4365.91
211.121,-48.3825,-4314.06
211.121,-48.375,-4263.02
211.121,-48.3675,-4212.46
211.121,-48.36,-4161.09
211.121,-48.3525,-4107.21
211.121,-48.345,-4048.18
211.121,-48.3375,-3981.26
211.121,-48.33,-3904.03
211.121,-48.3225,-3814.64
211.121,-48.315,-3713.21
211.121,-48.3075,-3602.5
211.121,-48.3,-3487.51
211.121,-48.2925,-3375.27
211.121,-48.285,-3275.16
211.121,-48.2775,-3197.82
211.121,-48.27,-3146.13
211.121,-48.2625,-3109.56
211.121,-48.255,-3076.24
211.121,-48.2475,-3037.35
211.121,-48.24,-2983.37
211.121,-48.2325,-2906.85
211.121,-48.225,-2817.14
211.121,-48.2175,-2727.58
211.121,-48.21,-2649.64
211.121,-48.2025,-2593.05
211.121,-48.195,-2560.05
211.121,-48.1875,-2545.64
211.121,-48.18,-2553.07
211.121,-48.1725,-2589.99
211.121,-48.165,-2645.52
211.121,-48.1575,-2703.21
211.121,-48.15,-2765.52
211.121,-48.1425,-2850.34
211.121,-48.135,-2963.3
211.121,-48.1275,-3089.97
211.121,-48.12,-3204.69
211.121,-48.1125,-3290.87
211.121,-48.105,-3355.67
211.121,-48.0975,-3411.92
211.121,-48.09,-3466.55
211.121,-48.0825,-3521.9
211.121,-48.075,-3577.65
211.121,-48.0675,-3632.18
211.121,-48.06,-3683.83
211.121,-48.0525,-3731.65
211.121,-48.045,-3775.9
211.121,-48.0375,-3817.98
211.121,-48.03,-3859.31
211.121,-48.0225,-3902.58
211.121,-48.015,-3950.78
211.121,-48.0075,-4003.74
211.121,-48,-4059.27
211.121,-47.9925,-4115.82
211.121,-47.985,-4172.55
211.121,-47.9775,-4229.07
211.134,-48.42,-4559.97
211.134,-48.4125,-4508.66
211.134,-48.405,-4457.67
211.134,-48.3975,-4407.34
211.134,-48.39,-4357.29
211.134,-48.3825,-4307.73
211.134,-48.375,-4258.24
211.134,-48.3675,-4208.46
211.134,-48.36,-4157.01
211.134,-48.3525,-4102.15
211.134,-48.345,-4041.67
211.134,-48.3375,-3972.78
211.134,-48.33,-3891.76
211.134,-48.3225,-3795
211.134,-48.315,-3680.28
211.134,-48.3075,-3550.21
211.134,-48.3,-3411.85
211.134,-48.2925,-3273.85
211.134,-48.285,-3146.19
211.134,-48.2775,-3044.44
211.134,-48.27,-2975.5
211.134,-48.2625,-2927.5
211.134,-48.255,-2891.81
211.134,-48.2475,-2856.37
211.134,-48.24,-2801.6
211.134,-48.2325,-2708.23
211.134,-48.225,-2598.86
211.134,-48.2175,-2501.35
211.134,-48.21,-2437.13
211.134,-48.2025,-2413.87
211.134,-48.195,-2418.88
211.134,-48.1875,-2404.3
211.134,-48.18,-2376.95
211.134,-48.1725,-2402.53
211.134,-48.165,-2442.08
211.134,-48.1575,-2489.08
211.134,-48.15,-2575.4
211.134,-48.1425,-2708.4
211.134,-48.135,-2861.5
211.134,-48.1275,-3009.56
211.134,-48.12,-3131.03
211.134,-48.1125,-3207.28
211.134,-48.105,-3260.39
211.134,-48.0975,-3310.96
211.134,-48.09,-3367.59
211.134,-48.0825,-3429.7
211.134,-48.075,-3493.79
211.134,-48.0675,-3556.92
211.134,-48.06,-3617.25
211.134,-48.0525,-3673.87
211.134,-48.045,-3726.29
211.134,-48.0375,-3775.48
211.134,-48.03,-3822.61
211.134,-48.0225,-3870.19
211.134,-48.015,-3922.69
211.134,-48.0075,-3979.71
211.134,-48,-4038.14
211.134,-47.9925,-4096.94
211.134,-47.985,-4155.48
211.134,-47.9775,-4213.58
211.147,-48.42,-4542.52
211.147,-48.4125,-4492.1
211.147,-48.405,-4442.78
211.147,-48.3975,-4393.78
211.147,-48.39,-4345.42
211.147,-48.3825,-4297.16
211.147,-48.375,-4248.68
211.147,-48.3675,-4199.35
211.147,-48.36,-4147.93
211.147,-48.3525,-4092.86
211.147,-48.345,-4032.33
211.147,-48.3375,-3963.54
211.147,-48.33,-3883.04
211.147,-48.3225,-3785.42
211.147,-48.315,-3660.15
211.147,-48.3075,-3512.76
211.147,-48.3,-3355.86
211.147,-48.2925,-3198.82
211.147,-48.285,-3051.33
211.147,-48.2775,-2922.81
211.147,-48.27,-2818.23
211.147,-48.2625,-2737.9
211.147,-48.255,-2682.6
211.147,-48.2475,-2633.7
211.147,-48.24,-2564.83
211.147,-48.2325,-2459.49
211.147,-48.225,-2320.39
211.147,-48.2175,-2186.61
211.147,-48.21,-2109.63
211.147,-48.2025,-2102.41
211.147,-48.195,-2124.23
211.147,-48.1875,-2060.49
211.147,-48.18,-1939.71
211.147,-48.1725,-1982.58
211.147,-48.165,-2015.17
211.147,-48.1575,-2075.5
211.147,-48.15,-2271.61
211.147,-48.1425,-2508.67
211.147,-48.135,-2718.29
211.147,-48.1275,-2881.44
211.147,-48.12,-3001.78
211.147,-48.1125,-3082.37
211.147,-48.105,-3136.95
211.147,-48.0975,-3192.66
211.147,-48.09,-3265.02
211.147,-48.0825,-3341.73
211.147,-48.075,-3418.1
211.147,-48.0675,-3492.17
211.147,-48.06,-3562.98
211.147,-48.0525,-3629.65
211.147,-48.045,-3691.86
211.147,-48.0375,-3750.04
211.147,-48.03,-3805.15
211.147,-48.0225,-3859.37
211.147,-48.015,-3914.64
211.147,-48.0075,-3971.33
211.147,-48,-4029.12
211.147,-47.9925,-4087.46
211.147,-47.985,-4145.81
211.147,-47.9775,-4204.01
211.16,-48.42,-4521.6
211.16,-48.4125,-4471.95
211.16,-48.405,-4423.15
211.16,-48.3975,-4375.09
211.16,-48.39,-4327.33
211.16,-48.3825,-4279.56
211.16,-48.375,-4231.26
211.16,-48.3675,-4181.63
211.16,-48.36,-4129.31
211.16,-48.3525,-4073.01
211.16,-48.345,-4010.71
211.16,-48.3375,-3939.5
211.16,-48.33,-3855.36
211.16,-48.3225,-3752.42
211.16,-48.315,-3624.57
211.16,-48.3075,-3474
211.16,-48.3,-3309
211.16,-48.2925,-3137.86
211.16,-48.285,-2969.23
211.16,-48.2775,-2812.79
211.16,-48.27,-2678.36
211.16,-48.2625,-2573.3
211.16,-48.255,-2497.41
211.16,-48.2475,-2433.72
211.16,-48.24,-2358.63
211.16,-48.2325,-2250.78
211.16,-48.225,-2076.04
211.16,-48.2175,-1866.92
211.16,-48.21,-1709.28
211.16,-48.2025,-1721.85
211.16,-48.195,-1862.21
211.16,-48.1875,-1932.24
211.16,-48.18,-1855.91
211.16,-48.1725,-1863.14
211.16,-48.165,-1854.47
211.16,-48.1575,-1906.9
211.16,-48.15,-2107.89
211.16,-48.1425,-2371.1
211.16,-48.135,-2605.61
211.16,-48.1275,-2783.74
211.16,-48.12,-2911.08
211.16,-48.1125,-2999.37
211.16,-48.105,-3065.3
211.16,-48.0975,-3129.56
211.16,-48.09,-3203.23
211.16,-48.0825,-3282.84
211.16,-48.075,-3364.31
211.16,-48.0675,-3445.27
211.16,-48.06,-3524.48
211.16,-48.0525,-3600.55
211.16,-48.045,-3672.09
211.16,-48.0375,-3738.53
211.16,-48.03,-3800.08
211.16,-48.0225,-3858.4
211.16,-48.015,-3914.89
211.16,-48.0075,-3971.12
211.16,-48,-4027.45
211.16,-47.9925,-4084.21
211.16,-47.985,-4141.22
211.16,-47.9775,-4198.53
211.172,-48.42,-4496.79
211.172,-48.4125,-4447.15
211.172,-48.405,-4398.37
211.172,-48.3975,-4350.42
211.172,-48.39,-4302.54
211.172,-48.3825,-4254.59
211.172,-48.375,-4205.56
211.172,-48.3675,-4154.91
211.172,-48.36,-4101.1
211.172,-48.3525,-4042.96
211.172,-48.345,-3978.39
211.172,-48.3375,-3904.78
211.172,-48.33,-3818.1
211.172,-48.3225,-3714.31
211.172,-48.315,-3590.42
211.172,-48.3075,-3445.39
211.172,-48.3,-3280.96
211.172,-48.2925,-3100.21
211.172,-48.285,-2908.96
211.172,-48.2775,-2717.38
211.172,-48.27,-2542.5
211.172,-48.2625,-2405.14
211.172,-48.255,-2314.85
211.172,-48.2475,-2244.91
211.172,-48.24,-2158.56
211.172,-48.2325,-2038.84
211.172,-48.225,-1853.3
211.172,-48.2175,-1616.63
211.172,-48.21,-1360.64
211.172,-48.2025,-1237.81
211.172,-48.195,-1475.98
211.172,-48.1875,-1709.97
211.172,-48.18,-1677.89
211.172,-48.1725,-1592.26
211.172,-48.165,-1611.97
211.172,-48.1575,-1797.82
211.172,-48.15,-2092.54
211.172,-48.1425,-2361.73
211.172,-48.135,-2576.41
211.172,-48.1275,-2740.61
211.172,-48.12,-2863.05
211.172,-48.1125,-2953.99
211.172,-48.105,-3027.88
211.172,-48.0975,-3096.59
211.172,-48.09,-3167.45
211.172,-48.0825,-3243.53
211.172,-48.075,-3324.49
211.172,-48.0675,-3409.29
211.172,-48.06,-3495.59
211.172,-48.0525,-3580.85
211.172,-48.045,-3661.59
211.172,-48.0375,-3735.04
211.172,-48.03,-3800.66
211.172,-48.0225,-3860.32
211.172,-48.015,-3916.54
211.172,-48.0075,-3971.48
211.172,-48,-4026.29
211.172,-47.9925,-4081.59
211.172,-47.985,-4137.64
211.172,-47.9775,-4194.37
211.185,-48.42,-4468.31
211.185,-48.4125,-4418.04
211.185,-48.405,-4368.66
211.185,-48.3975,-4320.18
211.185,-48.39,-4271.81
211.185,-48.3825,-4223.42
211.185,-48.375,-4173.96
211.185,-48.3675,-4122.44
211.185,-48.36,-4067.67
211.185,-48.3525,-4008.51
211.185,-48.345,-3943.78
211.185,-48.3375,-3871.08
211.185,-48.33,-3787.98
211.185,-48.3225,-3691.66
211.185,-48.315,-3579.44
211.185,-48.3075,-3448.62
211.185,-48.3,-3295.77
211.185,-48.2925,-3117.49
211.185,-48.285,-2910.71
211.185,-48.2775,-2677.46
211.185,-48.27,-2432.11
211.185,-48.2625,-2211.78
211.185,-48.255,-2080.81
211.185,-48.2475,-2014.45
211.185,-48.24,-1937.73
211.185,-48.2325,-1793.28
211.185,-48.225,-1554.27
211.185,-48.2175,-1295.75
211.185,-48.21,-1060
211.185,-48.2025,-844.49
211.185,-48.195,-1098.77
211.185,-48.1875,-1393.67
211.185,-48.18,-1317.19
211.185,-48.1725,-1208.04
211.185,-48.165,-1281.96
211.185,-48.1575,-1676.43
211.185,-48.15,-2041.9
211.185,-48.1425,-2325.36
211.185,-48.135,-2532.87
211.185,-48.1275,-2682.51
211.185,-48.12,-2798.34
211.185,-48.1125,-2892.74
211.185,-48.105,-2974.42
211.185,-48.0975,-3048.35
211.185,-48.09,-3119.53
211.185,-48.0825,-3195.16
211.185,-48.075,-3278.29
211.185,-48.0675,-3368.58
211.185,-48.06,-3463.39
211.185,-48.0525,-3559.06
211.185,-48.045,-3650.64
211.185,-48.0375,-3731.1
211.185,-48.03,-3797.35
211.185,-48.0225,-3856.62
211.185,-48.015,-3912.12
211.185,-48.0075,-3966.36
211.185,-48,-4020.63
211.185,-47.9925,-4075.68
211.185,-47.985,-4131.62
211.185,-47.9775,-4188.46
211.198,-48.42,-4437.14
211.198,-48.4125,-4385.56
211.198,-48.405,-4335.23
211.198,-48.3975,-4285.86
211.198,-48.39,-4237.2
211.198,-48.3825,-4188.4
211.198,-48.375,-4138.81
211.198,-48.3675,-4087.11
211.198,-48.36,-4032.46
211.198,-48.3525,-3973.87
211.198,-48.345,-3910.24
211.198,-48.3375,-3840.82
211.198,-48.33,-3764.39
211.198,-48.3225,-3679.99
211.198,-48.315,-3586.24
211.198,-48.3075,-3479.96
211.198,-48.3,-3356.15
211.198,-48.2925,-3206.85
211.198,-48.285,-3020.19
211.198,-48.2775,-2782.21
211.198,-48.27,-2498.98
211.198,-48.2625,-2209.35
211.198,-48.255,-1964.1
211.198,-48.2475,-1793.35
211.198,-48.24,-1690.63
211.198,-48.2325,-1575.36
211.198,-48.225,-1342.89
211.198,-48.2175,-1077.48
211.198,-48.21,-866.477
211.198,-48.2025,-720.66
211.198,-48.195,-878.78
211.198,-48.1875,-1109.63
211.198,-48.18,-1059.78
211.198,-48.1725,-837.766
211.198,-48.165,-1119.3
211.198,-48.1575,-1453.61
211.198,-48.15,-1787.48
211.198,-48.1425,-2118.48
211.198,-48.135,-2377.05
211.198,-48.1275,-2556.94
211.198,-48.12,-2689.5
211.198,-48.1125,-2797.37
211.198,-48.105,-2890.31
211.198,-48.0975,-2972.39
211.198,-48.09,-3048.96
211.198,-48.0825,-3128.74
211.198,-48.075,-3218.16
211.198,-48.0675,-3317.08
211.198,-48.06,-3420.67
211.198,-48.0525,-3523.91
211.198,-48.045,-3621.07
211.198,-48.0375,-3706.21
211.198,-48.03,-3777.4
211.198,-48.0225,-3839.58
211.198,-48.015,-3897.04
211.198,-48.0075,-3952.8
211.198,-48,-4008.36
211.198,-47.9925,-4064.75
211.198,-47.985,-4121.97
211.198,-47.9775,-4179.9
211.211,-48.42,-4405.03
211.211,-48.4125,-4351.88
211.211,-48.405,-4300.1
211.211,-48.3975,-4249.84
211.211,-48.39,-4200.95
211.211,-48.3825,-4152.3
211.211,-48.375,-4102.62
211.211,-48.3675,-4051.12
211.211,-48.36,-3996.77
211.211,-48.3525,-3938.92
211.211,-48.345,-3876.93
211.211,-48.3375,-3810.15
211.211,-48.33,-3738.93
211.211,-48.3225,-3664.18
211.211,-48.315,-3587.69
211.211,-48.3075,-3506.36
211.211,-48.3,-3414.1
211.211,-48.2925,-3304.79
211.211,-48.285,-3168.82
211.211,-48.2775,-2975.48
211.211,-48.27,-2717.77
211.211,-48.2625,-2455.26
211.211,-48.255,-2197.08
211.211,-48.2475,-1909.2
211.211,-48.24,-1603.5
211.211,-48.2325,-1407.77
211.211,-48.225,-1223.81
211.211,-48.2175,-1045.35
211.211,-48.21,-760.631
211.211,-48.2025,-564.946
211.211,-48.195,-583.634
211.211,-48.1875,-653.965
211.211,-48.18,-599.104
211.211,-48.1725,-769.25
211.211,-48.165,-1152.65
211.211,-48.1575,-1462.04
211.211,-48.15,-1785.88
211.211,-48.1425,-2068.01
211.211,-48.135,-2291.71
211.211,-48.1275,-2461.9
211.211,-48.12,-2594.24
211.211,-48.1125,-2711.54
211.211,-48.105,-2812.68
211.211,-48.0975,-2901.19
211.211,-48.09,-2983.46
211.211,-48.0825,-3067
211.211,-48.075,-3164.12
211.211,-48.0675,-3271.88
211.211,-48.06,-3381.53
211.211,-48.0525,-3488.09
211.211,-48.045,-3586.73
211.211,-48.0375,-3674.26
211.211,-48.03,-3749.89
211.211,-48.0225,-3816
211.211,-48.015,-3876.14
211.211,-48.0075,-3934.17
211.211,-48,-3992.56
211.211,-47.9925,-4051.68
211.211,-47.985,-4111.41
211.211,-47.9775,-4171.33
211.224,-48.42,-4374.56
211.224,-48.4125,-4320.34
211.224,-48.405,-4267.35
211.224,-48.3975,-4216.16
211.224,-48.39,-4166.96
211.224,-48.3825,-4117.84
211.224,-48.375,-4067.73
211.224,-48.3675,-4015.99
211.224,-48.36,-3961.83
211.224,-48.3525,-3904.51
211.224,-48.345,-3843.75
211.224,-48.3375,-3779.21
211.224,-48.33,-3711.01
211.224,-48.3225,-3640.35
211.224,-48.315,-3571.14
211.224,-48.3075,-3498.81
211.224,-48.3,-3415.14
211.224,-48.2925,-3312.95
211.224,-48.285,-3183.56
211.224,-48.2775,-3018.48
211.224,-48.27,-2824.95
211.224,-48.2625,-2630.57
211.224,-48.255,-2454.23
211.224,-48.2475,-2207.9
211.224,-48.24,-1840.94
211.224,-48.2325,-1459.12
211.224,-48.225,-1112.9
211.224,-48.2175,-886.3
211.224,-48.21,-691.8
211.224,-48.2025,-510.647
211.224,-48.195,-550.007
211.224,-48.1875,-690.705
211.224,-48.18,-989.726
211.224,-48.1725,-1174.28
211.224,-48.165,-1392.04
211.224,-48.1575,-1672.28
211.224,-48.15,-1943.19
211.224,-48.1425,-2140.82
211.224,-48.135,-2302.82
211.224,-48.1275,-2448.39
211.224,-48.12,-2576.14
211.224,-48.1125,-2687.43
211.224,-48.105,-2784.49
211.224,-48.0975,-2873.23
211.224,-48.09,-2960.59
211.224,-48.0825,-3051.42
211.224,-48.075,-3150.49
211.224,-48.0675,-3257.63
211.224,-48.06,-3367.85
211.224,-48.0525,-3474.95
211.224,-48.045,-3574.2
211.224,-48.0375,-3662.2
211.224,-48.03,-3738.12
211.224,-48.0225,-3803.56
211.224,-48.015,-3862.23
211.224,-48.0075,-3920.47
211.224,-48,-3981.54
211.224,-47.9925,-4043.37
211.224,-47.985,-4105.15
211.224,-47.9775,-4166.55
211.236,-48.42,-4347.01
211.236,-48.4125,-4292.6
211.236,-48.405,-4239.49
211.236,-48.3975,-4187.73
211.236,-48.39,-4137.07
211.236,-48.3825,-4086.43
211.236,-48.375,-4035.24
211.236,-48.3675,-3982.53
211.236,-48.36,-3927.76
211.236,-48.3525,-3870.43
211.236,-48.345,-3810.37
211.236,-48.3375,-3747.41
211.236,-48.33,-3681.79
211.236,-48.3225,-3613.56
211.236,-48.315,-3541.52
211.236,-48.3075,-3461.69
211.236,-48.3,-3367.91
211.236,-48.2925,-3254.88
211.236,-48.285,-3119.89
211.236,-48.2775,-2964.14
211.236,-48.27,-2792.87
211.236,-48.2625,-2615.12
211.236,-48.255,-2436.63
211.236,-48.2475,-2203.24
211.236,-48.24,-1875.73
211.236,-48.2325,-1498.36
211.236,-48.225,-1127.33
211.236,-48.2175,-818.768
211.236,-48.21,-657.642
211.236,-48.2025,-542.369
211.236,-48.195,-554.637
211.236,-48.1875,-617.046
211.236,-48.18,-852.683
211.236,-48.1725,-1136.62
211.236,-48.165,-1455.91
211.236,-48.1575,-1692.88
211.236,-48.15,-1928.7
211.236,-48.1425,-2118.84
211.236,-48.135,-2287.13
211.236,-48.1275,-2446.32
211.236,-48.12,-2588.57
211.236,-48.1125,-2707.88
211.236,-48.105,-2807.08
211.236,-48.0975,-2894.96
211.236,-48.09,-2979.8
211.236,-48.0825,-3067.61
211.236,-48.075,-3164.9
211.236,-48.0675,-3272.04
211.236,-48.06,-3383.15
211.236,-48.0525,-3491.7
211.236,-48.045,-3591.88
211.236,-48.0375,-3679.61
211.236,-48.03,-3753.75
211.236,-48.0225,-3816.62
211.236,-48.015,-3872.56
211.236,-48.0075,-3928.3
211.236,-48,-3987.26
211.236,-47.9925,-4047.49
211.236,-47.985,-4108.14
211.236,-47.9775,-4168.57
211.249,-48.42,-4321.51
211.249,-48.4125,-4266.88
211.249,-48.405,-4213.51
211.249,-48.3975,-4161.09
211.249,-48.39,-4109.11
211.249,-48.3825,-4057.11
211.249,-48.375,-4004.28
211.249,-48.3675,-3950
211.249,-48.36,-3893.67
211.249,-48.3525,-3834.93
211.249,-48.345,-3773.69
211.249,-48.3375,-3709.63
211.249,-48.33,-3642.64
211.249,-48.3225,-3571.73
211.249,-48.315,-3494.58
211.249,-48.3075,-3406.76
211.249,-48.3,-3301.72
211.249,-48.2925,-3174.52
211.249,-48.285,-3028.22
211.249,-48.2775,-2870.74
211.249,-48.27,-2707.31
211.249,-48.2625,-2532.98
211.249,-48.255,-2335.74
211.249,-48.2475,-2090.61
211.249,-48.24,-1795.79
211.249,-48.2325,-1505.5
211.249,-48.225,-1236.42
211.249,-48.2175,-1073.59
211.249,-48.21,-838.759
211.249,-48.2025,-651.687
211.249,-48.195,-685.983
211.249,-48.1875,-856.337
211.249,-48.18,-923.613
211.249,-48.1725,-898.219
211.249,-48.165,-1125.3
211.249,-48.1575,-1489.16
211.249,-48.15,-1773.94
211.249,-48.1425,-2009.61
211.249,-48.135,-2221.08
211.249,-48.1275,-2419.47
211.249,-48.12,-2598.97
211.249,-48.1125,-2739.64
211.249,-48.105,-2854.54
211.249,-48.0975,-2949.62
211.249,-48.09,-3030.23
211.249,-48.0825,-3107.18
211.249,-48.075,-3200.45
211.249,-48.0675,-3308.24
211.249,-48.06,-3420.53
211.249,-48.0525,-3531.05
211.249,-48.045,-3633.32
211.249,-48.0375,-3720.49
211.249,-48.03,-3790.44
211.249,-48.0225,-3848.92
211.249,-48.015,-3901.74
211.249,-48.0075,-3953.7
211.249,-48,-4006.98
211.249,-47.9925,-4062.07
211.249,-47.985,-4118.8
211.249,-47.9775,-4176.38
211.262,-48.42,-4297.45
211.262,-48.4125,-4242.37
211.262,-48.405,-4188.52
211.262,-48.3975,-4135.28
211.262,-48.39,-4082.23
211.262,-48.3825,-4028.78
211.262,-48.375,-3974.23
211.262,-48.3675,-3917.94
211.262,-48.36,-3859.03
211.262,-48.3525,-3797.62
211.262,-48.345,-3733.12
211.262,-48.3375,-3665.29
211.262,-48.33,-3593.58
211.262,-48.3225,-3517.11
211.262,-48.315,-3434.06
211.262,-48.3075,-3340.5
211.262,-48.3,-3229.35
211.262,-48.2925,-3092
211.262,-48.285,-2939.98
211.262,-48.2775,-2782.58
211.262,-48.27,-2622.23
211.262,-48.2625,-2455.39
211.262,-48.255,-2278.43
211.262,-48.2475,-2081.93
211.262,-48.24,-1859.96
211.262,-48.2325,-1620.85
211.262,-48.225,-1405.62
211.262,-48.2175,-1249.43
211.262,-48.21,-1066.69
211.262,-48.2025,-805.447
211.262,-48.195,-782.189
211.262,-48.1875,-1092.72
211.262,-48.18,-1321.28
211.262,-48.1725,-1383.11
211.262,-48.165,-1444.53
211.262,-48.1575,-1597.89
211.262,-48.15,-1771.21
211.262,-48.1425,-1964.89
211.262,-48.135,-2167.97
211.262,-48.1275,-2372.27
211.262,-48.12,-2566.39
211.262,-48.1125,-2741.77
211.262,-48.105,-2893.64
211.262,-48.0975,-3012.12
211.262,-48.09,-3098.27
211.262,-48.0825,-3175.07
211.262,-48.075,-3260.09
211.262,-48.0675,-3357.37
211.262,-48.06,-3462.58
211.262,-48.0525,-3569.43
211.262,-48.045,-3670.96
211.262,-48.0375,-3756.44
211.262,-48.03,-3820.72
211.262,-48.0225,-3875.18
211.262,-48.015,-3925.35
211.262,-48.0075,-3974.52
211.262,-48,-4024.64
211.262,-47.9925,-4076.49
211.262,-47.985,-4130.17
211.262,-47.9775,-4185.41
211.275,-48.42,-4275.04
211.275,-48.4125,-4219.54
211.275,-48.405,-4165.2
211.275,-48.3975,-4111.25
211.275,-48.39,-4057.05
211.275,-48.3825,-4002.13
211.275,-48.375,-3945.67
211.275,-48.3675,-3887.09
211.275,-48.36,-3825.96
211.275,-48.3525,-3761.54
211.275,-48.345,-3693.47
211.275,-48.3375,-3621.08
211.275,-48.33,-3543.69
211.275,-48.3225,-3460.41
211.275,-48.315,-3371.2
211.275,-48.3075,-3271.38
211.275,-48.3,-3154.77
211.275,-48.2925,-3019.9
211.275,-48.285,-2873.18
211.275,-48.2775,-2729.14
211.275,-48.27,-2594.07
211.275,-48.2625,-2458.98
211.275,-48.255,-2323.7
211.275,-48.2475,-2157.41
211.275,-48.24,-1941.18
211.275,-48.2325,-1705.11
211.275,-48.225,-1503.69
211.275,-48.2175,-1363.59
211.275,-48.21,-1233.32
211.275,-48.2025,-1041.05
211.275,-48.195,-918.146
211.275,-48.1875,-972.593
211.275,-48.18,-1384.14
211.275,-48.1725,-1706.84
211.275,-48.165,-1844.84
211.275,-48.1575,-1932.95
211.275,-48.15,-2010.76
211.275,-48.1425,-2101.4
211.275,-48.135,-2225.12
211.275,-48.1275,-2376.85
211.275,-48.12,-2544.85
211.275,-48.1125,-2722.34
211.275,-48.105,-2893.35
211.275,-48.0975,-3031.38
211.275,-48.09,-3128.82
211.275,-48.0825,-3211.77
211.275,-48.075,-3296.96
211.275,-48.0675,-3389.63
211.275,-48.06,-3487.22
211.275,-48.0525,-3584.71
211.275,-48.045,-3675.93
211.275,-48.0375,-3755.8
211.275,-48.03,-3822.7
211.275,-48.0225,-3879.98
211.275,-48.015,-3931.98
211.275,-48.0075,-3982.15
211.275,-48,-4032.43
211.275,-47.9925,-4083.9
211.275,-47.985,-4137.1
211.275,-47.9775,-4191.93
211.288,-48.42,-4255.32
211.288,-48.4125,-4199.59
211.288,-48.405,-4144.86
211.288,-48.3975,-4090.55
211.288,-48.39,-4035.58
211.288,-48.3825,-3979.38
211.288,-48.375,-3921.32
211.288,-48.3675,-3861.09
211.288,-48.36,-3798.06
211.288,-48.3525,-3731.64
211.288,-48.345,-3661.51
211.288,-48.3375,-3587.06
211.288,-48.33,-3507.87
211.288,-48.3225,-3423.59
211.288,-48.315,-3333.81
211.288,-48.3075,-3235.54
211.288,-48.3,-3124.6
211.288,-48.2925,-3000.7
211.288,-48.285,-2870.97
211.288,-48.2775,-2747.34
211.288,-48.27,-2633.11
211.288,-48.2625,-2514.77
211.288,-48.255,-2373.43
211.288,-48.2475,-2186.12
211.288,-48.24,-1976.62
211.288,-48.2325,-1834.82
211.288,-48.225,-1703.89
211.288,-48.2175,-1562.97
211.288,-48.21,-1456.14
211.288,-48.2025,-1434.09
211.288,-48.195,-1342.24
211.288,-48.1875,-1306.3
211.288,-48.18,-1467.41
211.288,-48.1725,-1742.9
211.288,-48.165,-1985.62
211.288,-48.1575,-2148.31
211.288,-48.15,-2226.73
211.288,-48.1425,-2287.46
211.288,-48.135,-2357.86
211.288,-48.1275,-2446.44
211.288,-48.12,-2561.39
211.288,-48.1125,-2719.39
211.288,-48.105,-2880.04
211.288,-48.0975,-3017.66
211.288,-48.09,-3126.86
211.288,-48.0825,-3217.65
211.288,-48.075,-3309.08
211.288,-48.0675,-3404.4
211.288,-48.06,-3498.7
211.288,-48.0525,-3588.9
211.288,-48.045,-3672.46
211.288,-48.0375,-3747.33
211.288,-48.03,-3813.17
211.288,-48.0225,-3871.93
211.288,-48.015,-3925.97
211.288,-48.0075,-3978.31
211.288,-48,-4030.68
211.288,-47.9925,-4084.09
211.288,-47.985,-4138.7
211.288,-47.9775,-4194.39
211.301,-48.42,-4240.63
211.301,-48.4125,-4184.99
211.301,-48.405,-4130.27
211.301,-48.3975,-4075.33
211.301,-48.39,-4019.62
211.301,-48.3825,-3962.4
211.301,-48.375,-3903.26
211.301,-48.3675,-3841.75
211.301,-48.36,-3777.48
211.301,-48.3525,-3710.34
211.301,-48.345,-3639.97
211.301,-48.3375,-3566.4
211.301,-48.33,-3489.45
211.301,-48.3225,-3408.78
211.301,-48.315,-3323.74
211.301,-48.3075,-3232.83
211.301,-48.3,-3133.69
211.301,-48.2925,-3023.22
211.301,-48.285,-2910.64
211.301,-48.2775,-2802.47
211.301,-48.27,-2698.27
211.301,-48.2625,-2588.72
211.301,-48.255,-2454.42
211.301,-48.2475,-2302.6
211.301,-48.24,-2164.12
211.301,-48.2325,-2047.75
211.301,-48.225,-1843.86
211.301,-48.2175,-1648.31
211.301,-48.21,-1608.78
211.301,-48.2025,-1772.13
211.301,-48.195,-1836.82
211.301,-48.1875,-1760.72
211.301,-48.18,-1697.12
211.301,-48.1725,-1790.42
211.301,-48.165,-1995.89
211.301,-48.1575,-2196.33
211.301,-48.15,-2332.91
211.301,-48.1425,-2427.51
211.301,-48.135,-2509.87
211.301,-48.1275,-2596.18
211.301,-48.12,-2698.29
211.301,-48.1125,-2821.39
211.301,-48.105,-2950.77
211.301,-48.0975,-3067.67
211.301,-48.09,-3166.36
211.301,-48.0825,-3254.26
211.301,-48.075,-3340.85
211.301,-48.0675,-3428.89
211.301,-48.06,-3515.64
211.301,-48.0525,-3598.37
211.301,-48.045,-3674.81
211.301,-48.0375,-3744.13
211.301,-48.03,-3806.38
211.301,-48.0225,-3863.25
211.301,-48.015,-3916.82
211.301,-48.0075,-3970.2
211.301,-48,-4025.04
211.301,-47.9925,-4081.11
211.301,-47.985,-4137.91
211.301,-47.9775,-4195.18
211.314,-48.42,-4235.16
211.314,-48.4125,-4178.43
211.314,-48.405,-4122.6
211.314,-48.3975,-4066.72
211.314,-48.39,-4010.05
211.314,-48.3825,-3951.94
211.314,-48.375,-3891.87
211.314,-48.3675,-3829.42
211.314,-48.36,-3764.39
211.314,-48.3525,-3696.92
211.314,-48.345,-3627.14
211.314,-48.3375,-3555.38
211.314,-48.33,-3481.42
211.314,-48.3225,-3405.2
211.314,-48.315,-3325.71
211.314,-48.3075,-3241.43
211.314,-48.3,-3150.61
211.314,-48.2925,-3052.83
211.314,-48.285,-2951.59
211.314,-48.2775,-2852.96
211.314,-48.27,-2757.12
211.314,-48.2625,-2654.63
211.314,-48.255,-2538.68
211.314,-48.2475,-2409.59
211.314,-48.24,-2265.53
211.314,-48.2325,-2090.88
211.314,-48.225,-1901.03
211.314,-48.2175,-1825.76
211.314,-48.21,-1962.18
211.314,-48.2025,-2164
211.314,-48.195,-2189.86
211.314,-48.1875,-2050.67
211.314,-48.18,-1924.58
211.314,-48.1725,-1952.46
211.314,-48.165,-2101.43
211.314,-48.1575,-2284.89
211.314,-48.15,-2439.19
211.314,-48.1425,-2566.37
211.314,-48.135,-2675.34
211.314,-48.1275,-2775.39
211.314,-48.12,-2872.28
211.314,-48.1125,-2966.87
211.314,-48.105,-3061.37
211.314,-48.0975,-3150.27
211.314,-48.09,-3229.22
211.314,-48.0825,-3306.08
211.314,-48.075,-3384.07
211.314,-48.0675,-3463.13
211.314,-48.06,-3541.73
211.314,-48.0525,-3617.26
211.314,-48.045,-3686.98
211.314,-48.0375,-3750.38
211.314,-48.03,-3808.54
211.314,-48.0225,-3862.87
211.314,-48.015,-3915.05
211.314,-48.0075,-3968.35
211.314,-48,-4024.64
211.314,-47.9925,-4081.91
211.314,-47.985,-4139.79
211.314,-47.9775,-4198.01
211.326,-48.42,-4233.81
211.326,-48.4125,-4176.82
211.326,-48.405,-4120.2
211.326,-48.3975,-4063.39
211.326,-48.39,-4005.91
211.326,-48.3825,-3946.97
211.326,-48.375,-3886.27
211.326,-48.3675,-3822.98
211.326,-48.36,-3757.07
211.326,-48.3525,-3689.28
211.326,-48.345,-3620.01
211.326,-48.3375,-3549.95
211.326,-48.33,-3479.63
211.326,-48.3225,-3408.88
211.326,-48.315,-3337.09
211.326,-48.3075,-3262.8
211.326,-48.3,-3184.43
211.326,-48.2925,-3100.65
211.326,-48.285,-3012.2
211.326,-48.2775,-2922.49
211.326,-48.27,-2832.33
211.326,-48.2625,-2735.13
211.326,-48.255,-2627.8
211.326,-48.2475,-2510.97
211.326,-48.24,-2388.75
211.326,-48.2325,-2272.63
211.326,-48.225,-2192.21
211.326,-48.2175,-2186.4
211.326,-48.21,-2256.21
211.326,-48.2025,-2337.04
211.326,-48.195,-2354.07
211.326,-48.1875,-2301.42
211.326,-48.18,-2240.65
211.326,-48.1725,-2236.32
211.326,-48.165,-2315.77
211.326,-48.1575,-2448.99
211.326,-48.15,-2592.49
211.326,-48.1425,-2724.08
211.326,-48.135,-2834.59
211.326,-48.1275,-2926.06
211.326,-48.12,-3004.01
211.326,-48.1125,-3071.3
211.326,-48.105,-3135.84
211.326,-48.0975,-3202.87
211.326,-48.09,-3273.33
211.326,-48.0825,-3346.41
211.326,-48.075,-3420.97
211.326,-48.0675,-3495.61
211.326,-48.06,-3569.02
211.326,-48.0525,-3639.35
211.326,-48.045,-3704.37
211.326,-48.0375,-3764.19
211.326,-48.03,-3820
211.326,-48.0225,-3873.51
211.326,-48.015,-3926.14
211.326,-48.0075,-3979.26
211.326,-48,-4034
211.326,-47.9925,-4090.08
211.326,-47.985,-4147.23
211.326,-47.9775,-4204.94
211.339,-48.42,-4234.92
211.339,-48.4125,-4177.53
211.339,-48.405,-4120.28
211.339,-48.3975,-4062.68
211.339,-48.39,-4004.37
211.339,-48.3825,-3944.86
211.339,-48.375,-3883.85
211.339,-48.3675,-3820.06
211.339,-48.36,-3753.17
211.339,-48.3525,-3684.85
211.339,-48.345,-3616.04
211.339,-48.3375,-3547.7
211.339,-48.33,-3480.87
211.339,-48.3225,-3416.51
211.339,-48.315,-3354.67
211.339,-48.3075,-3294.36
211.339,-48.3,-3233.42
211.339,-48.2925,-3168.92
211.339,-48.285,-3098.11
211.339,-48.2775,-3019.31
211.339,-48.27,-2932.11
211.339,-48.2625,-2838.44
211.339,-48.255,-2740
211.339,-48.2475,-2643.47
211.339,-48.24,-2559.03
211.339,-48.2325,-2497.93
211.339,-48.225,-2471.87
211.339,-48.2175,-2485.2
211.339,-48.21,-2526.19
211.339,-48.2025,-2568.06
211.339,-48.195,-2584.8
211.339,-48.1875,-2572.22
211.339,-48.18,-2550.73
211.339,-48.1725,-2549.36
211.339,-48.165,-2587
211.339,-48.1575,-2664.75
211.339,-48.15,-2769.44
211.339,-48.1425,-2880.72
211.339,-48.135,-2966.26
211.339,-48.1275,-3028.63
211.339,-48.12,-3082.15
211.339,-48.1125,-3131.18
211.339,-48.105,-3179.77
211.339,-48.0975,-3237.03
211.339,-48.09,-3307.17
211.339,-48.0825,-3380.78
211.339,-48.075,-3454.72
211.339,-48.0675,-3527.22
211.339,-48.06,-3597.15
211.339,-48.0525,-3663.21
211.339,-48.045,-3725.17
211.339,-48.0375,-3783.16
211.339,-48.03,-3837.74
211.339,-48.0225,-3890.71
211.339,-48.015,-3942.8
211.339,-48.0075,-3995.32
211.339,-48,-4048.87
211.339,-47.9925,-4103.35
211.339,-47.985,-4159.2
211.339,-47.9775,-4215.84
211.352,-48.42,-4236.77
211.352,-48.4125,-4179.41
211.352,-48.405,-4121.73
211.352,-48.3975,-4063.2
211.352,-48.39,-4003.88
211.352,-48.3825,-3943.27
211.352,-48.375,-3881.08
211.352,-48.3675,-3816.72
211.352,-48.36,-3750.31
211.352,-48.3525,-3682.66
211.352,-48.345,-3614.81
211.352,-48.3375,-3547.98
211.352,-48.33,-3483.52
211.352,-48.3225,-3423.78
211.352,-48.315,-3371.29
211.352,-48.3075,-3324.87
211.352,-48.3,-3281.02
211.352,-48.2925,-3235.74
211.352,-48.285,-3183.52
211.352,-48.2775,-3114.56
211.352,-48.27,-3027.5
211.352,-48.2625,-2934.74
211.352,-48.255,-2846.07
211.352,-48.2475,-2769.5
211.352,-48.24,-2713.55
211.352,-48.2325,-2686
211.352,-48.225,-2690.25
211.352,-48.2175,-2724
211.352,-48.21,-2776.81
211.352,-48.2025,-2828.68
211.352,-48.195,-2856.43
211.352,-48.1875,-2855.99
211.352,-48.18,-2839.44
211.352,-48.1725,-2821.49
211.352,-48.165,-2817.64
211.352,-48.1575,-2842.69
211.352,-48.15,-2897.69
211.352,-48.1425,-2964.87
211.352,-48.135,-3027.09
211.352,-48.1275,-3080.28
211.352,-48.12,-3128.71
211.352,-48.1125,-3176.65
211.352,-48.105,-3227.88
211.352,-48.0975,-3286.37
211.352,-48.09,-3352.91
211.352,-48.0825,-3424.01
211.352,-48.075,-3495.61
211.352,-48.0675,-3565.32
211.352,-48.06,-3631.55
211.352,-48.0525,-3693.91
211.352,-48.045,-3752.38
211.352,-48.0375,-3807.58
211.352,-48.03,-3860.14
211.352,-48.0225,-3911.55
211.352,-48.015,-3962.51
211.352,-48.0075,-4013.83
211.352,-48,-4066.06
211.352,-47.9925,-4119.47
211.352,-47.985,-4173.93
211.352,-47.9775,-4229.58
211.365,-48.42,-4239.08
211.365,-48.4125,-4181.7
211.365,-48.405,-4123.49
211.365,-48.3975,-4064.47
211.365,-48.39,-4004.4
211.365,-48.3825,-3943.22
211.365,-48.375,-3880.68
211.365,-48.3675,-3816.61
211.365,-48.36,-3751.28
211.365,-48.3525,-3685.24
211.365,-48.345,-3619.34
211.365,-48.3375,-3554.85
211.365,-48.33,-3492.87
211.365,-48.3225,-3435.92
211.365,-48.315,-3387.73
211.365,-48.3075,-3347.15
211.365,-48.3,-3309.63
211.365,-48.2925,-3271.7
211.365,-48.285,-3227.99
211.365,-48.2775,-3166.24
211.365,-48.27,-3084.22
211.365,-48.2625,-3000.98
211.365,-48.255,-2928.68
211.365,-48.2475,-2873.26
211.365,-48.24,-2838.23
211.365,-48.2325,-2828.9
211.365,-48.225,-2847.97
211.365,-48.2175,-2896.96
211.365,-48.21,-2969.15
211.365,-48.2025,-3044.5
211.365,-48.195,-3094.31
211.365,-48.1875,-3111.22
211.365,-48.18,-3099.79
211.365,-48.1725,-3065.23
211.365,-48.165,-3023.54
211.365,-48.1575,-2999.31
211.365,-48.15,-3004.48
211.365,-48.1425,-3028.75
211.365,-48.135,-3066.47
211.365,-48.1275,-3112.83
211.365,-48.12,-3164.02
211.365,-48.1125,-3218.67
211.365,-48.105,-3277.2
211.365,-48.0975,-3340.2
211.365,-48.09,-3407.39
211.365,-48.0825,-3476.95
211.365,-48.075,-3545.97
211.365,-48.0675,-3612.16
211.365,-48.06,-3674.16
211.365,-48.0525,-3731.63
211.365,-48.045,-3785.35
211.365,-48.0375,-3836.55
211.365,-48.03,-3885.93
211.365,-48.0225,-3934.69
211.365,-48.015,-3983.72
211.365,-48.0075,-4033.77
211.365,-48,-4084.72
211.365,-47.9925,-4137.13
211.365,-47.985,-4190.67
211.365,-47.9775,-4245.2
211.378,-48.42,-4240.95
211.378,-48.4125,-4183.73
211.378,-48.405,-4125.76
211.378,-48.3975,-4066.71
211.378,-48.39,-4006.91
211.378,-48.3825,-3946.29
211.378,-48.375,-3884.56
211.378,-48.3675,-3821.79
211.378,-48.36,-3758.46
211.378,-48.3525,-3695
211.378,-48.345,-3631.95
211.378,-48.3375,-3570.39
211.378,-48.33,-3511.91
211.378,-48.3225,-3457.73
211.378,-48.315,-3408.6
211.378,-48.3075,-3363.87
211.378,-48.3,-3320.99
211.378,-48.2925,-3276.92
211.378,-48.285,-3228.16
211.378,-48.2775,-3171.41
211.378,-48.27,-3108.57
211.378,-48.2625,-3047.1
211.378,-48.255,-3002.56
211.378,-48.2475,-2974.83
211.378,-48.24,-2958.58
211.378,-48.2325,-2955.16
211.378,-48.225,-2969.62
211.378,-48.2175,-3016.78
211.378,-48.21,-3098.21
211.378,-48.2025,-3184
211.378,-48.195,-3255.89
211.378,-48.1875,-3303.59
211.378,-48.18,-3315.04
211.378,-48.1725,-3272.53
211.378,-48.165,-3211.31
211.378,-48.1575,-3156.23
211.378,-48.15,-3118.54
211.378,-48.1425,-3103.07
211.378,-48.135,-3119.25
211.378,-48.1275,-3159.09
211.378,-48.12,-3209.91
211.378,-48.1125,-3267.26
211.378,-48.105,-3329.51
211.378,-48.0975,-3395.54
211.378,-48.09,-3464.27
211.378,-48.0825,-3534.11
211.378,-48.075,-3602.03
211.378,-48.0675,-3664.99
211.378,-48.06,-3721.72
211.378,-48.0525,-3773.26
211.378,-48.045,-3821.55
211.378,-48.0375,-3867.75
211.378,-48.03,-3913.03
211.378,-48.0225,-3958.93
211.378,-48.015,-4005.8
211.378,-48.0075,-4054.38
211.378,-48,-4104.67
211.378,-47.9925,-4156.13
211.378,-47.985,-4208.86
211.378,-47.9775,-4262.74
211.391,-48.42,-4240.47
211.391,-48.4125,-4184.23
211.391,-48.405,-4127.3
211.391,-48.3975,-4069.82
211.391,-48.39,-4011.55
211.391,-48.3825,-3952.68
211.391,-48.375,-3892.96
211.391,-48.3675,-3832.76
211.391,-48.36,-3771.96
211.391,-48.3525,-3711.19
211.391,-48.345,-3651.16
211.391,-48.3375,-3592.82
211.391,-48.33,-3536.8
211.391,-48.3225,-3483.44
211.391,-48.315,-3433.03
211.391,-48.3075,-3384.72
211.391,-48.3,-3337.2
211.391,-48.2925,-3289.46
211.391,-48.285,-3242.01
211.391,-48.2775,-3198
211.391,-48.27,-3160.42
211.391,-48.2625,-3130.54
211.391,-48.255,-3111.97
211.391,-48.2475,-3104.03
211.391,-48.24,-3101.5
211.391,-48.2325,-3103.07
211.391,-48.225,-3117.62
211.391,-48.2175,-3156.81
211.391,-48.21,-3220.12
211.391,-48.2025,-3291.9
211.391,-48.195,-3355.39
211.391,-48.1875,-3397.79
211.391,-48.18,-3407.2
211.391,-48.1725,-3378.72
211.391,-48.165,-3328.01
211.391,-48.1575,-3274.19
211.391,-48.15,-3230.8
211.391,-48.1425,-3207.24
211.391,-48.135,-3209.76
211.391,-48.1275,-3235.83
211.391,-48.12,-3277.64
211.391,-48.1125,-3329.8
211.391,-48.105,-3388.88
211.391,-48.0975,-3452.91
211.391,-48.09,-3519.87
211.391,-48.0825,-3588.07
211.391,-48.075,-3654.89
211.391,-48.0675,-3714.95
211.391,-48.06,-3765.77
211.391,-48.0525,-3812.27
211.391,-48.045,-3856.14
211.391,-48.0375,-3898.78
211.391,-48.03,-3940.96
211.391,-48.0225,-3983.8
211.391,-48.015,-4029.18
211.391,-48.0075,-4076.86
211.391,-48,-4126.36
211.391,-47.9925,-4176.87
211.391,-47.985,-4228.85
211.391,-47.9775,-4281.83
211.403,-48.42,-4238.35
211.403,-48.4125,-4183.98
211.403,-48.405,-4129.08
211.403,-48.3975,-4073.95
211.403,-48.39,-4018.26
211.403,-48.3825,-3962.32
211.403,-48.375,-3905.53
211.403,-48.3675,-3848.21
211.403,-48.36,-3790.6
211.403,-48.3525,-3733.05
211.403,-48.345,-3676.41
211.403,-48.3375,-3621.08
211.403,-48.33,-3567.93
211.403,-48.3225,-3516.8
211.403,-48.315,-3468.15
211.403,-48.3075,-3421.32
211.403,-48.3,-3376.27
211.403,-48.2925,-3333.12
211.403,-48.285,-3293.81
211.403,-48.2775,-3265.32
211.403,-48.27,-3250.64
211.403,-48.2625,-3243.26
211.403,-48.255,-3240.46
211.403,-48.2475,-3241.95
211.403,-48.24,-3245.31
211.403,-48.2325,-3246.52
211.403,-48.225,-3256.92
211.403,-48.2175,-3283.97
211.403,-48.21,-3325.94
211.403,-48.2025,-3373.83
211.403,-48.195,-3415
211.403,-48.1875,-3439.75
211.403,-48.18,-3442.95
211.403,-48.1725,-3424.66
211.403,-48.165,-3391.76
211.403,-48.1575,-3355.14
211.403,-48.15,-3325.09
211.403,-48.1425,-3308.43
211.403,-48.135,-3308.8
211.403,-48.1275,-3326.25
211.403,-48.12,-3358.08
211.403,-48.1125,-3401.23
211.403,-48.105,-3452.64
211.403,-48.0975,-3509.91
211.403,-48.09,-3570.63
211.403,-48.0825,-3632.39
211.403,-48.075,-3692.43
211.403,-48.0675,-3748.06
211.403,-48.06,-3797.88
211.403,-48.0525,-3843.63
211.403,-48.045,-3886.55
211.403,-48.0375,-3928.04
211.403,-48.03,-3969.47
211.403,-48.0225,-4011.92
211.403,-48.015,-4055.95
211.403,-48.0075,-4101.97
211.403,-48,-4149.89
211.403,-47.9925,-4199.49
211.403,-47.985,-4250.6
211.403,-47.9775,-4302.95
211.416,-48.42,-4236.97
211.416,-48.4125,-4184.17
211.416,-48.405,-4131.47
211.416,-48.3975,-4079.09
211.416,-48.39,-4026.53
211.416,-48.3825,-3973.83
211.416,-48.375,-3920.99
211.416,-48.3675,-3867.37
211.416,-48.36,-3812.84
211.416,-48.3525,-3759.13
211.416,-48.345,-3706.03
211.416,-48.3375,-3655
211.416,-48.33,-3606.17
211.416,-48.3225,-3559.6
211.416,-48.315,-3516.1
211.416,-48.3075,-3475.75
211.416,-48.3,-3438.98
211.416,-48.2925,-3407.03
211.416,-48.285,-3382.32
211.416,-48.2775,-3366.89
211.416,-48.27,-3361.03
211.416,-48.2625,-3360.81
211.416,-48.255,-3357.92
211.416,-48.2475,-3352.82
211.416,-48.24,-3349.42
211.416,-48.2325,-3349.9
211.416,-48.225,-3356.95
211.416,-48.2175,-3375.35
211.416,-48.21,-3404.4
211.416,-48.2025,-3435.65
211.416,-48.195,-3461.27
211.416,-48.1875,-3475.53
211.416,-48.18,-3475.71
211.416,-48.1725,-3462.33
211.416,-48.165,-3440.29
211.416,-48.1575,-3417.54
211.416,-48.15,-3401.71
211.416,-48.1425,-3394.4
211.416,-48.135,-3397.67
211.416,-48.1275,-3412.23
211.416,-48.12,-3437.95
211.416,-48.1125,-3473.33
211.416,-48.105,-3516.48
211.416,-48.0975,-3565.47
211.416,-48.09,-3618.26
211.416,-48.0825,-3672.49
211.416,-48.075,-3726.14
211.416,-48.0675,-3777.44
211.416,-48.06,-3825.72
211.416,-48.0525,-3871.12
211.416,-48.045,-3914.11
211.416,-48.0375,-3956.05
211.416,-48.03,-3997.88
211.416,-48.0225,-4039.85
211.416,-48.015,-4083.18
211.416,-48.0075,-4128.32
211.416,-48,-4175.01
211.416,-47.9925,-4223.68
211.416,-47.985,-4273.65
211.416,-47.9775,-4325.27
211.429,-48.42,-4235.85
211.429,-48.4125,-4184.99
211.429,-48.405,-4135
211.429,-48.3975,-4085.26
211.429,-48.39,-4035.82
211.429,-48.3825,-3986.34
211.429,-48.375,-3936.82
211.429,-48.3675,-3887.17
211.429,-48.36,-3837.01
211.429,-48.3525,-3787.42
211.429,-48.345,-3739.23
211.429,-48.3375,-3692.91
211.429,-48.33,-3649.19
211.429,-48.3225,-3608.79
211.429,-48.315,-3572.07
211.429,-48.3075,-3539.52
211.429,-48.3,-3511.74
211.429,-48.2925,-3488.96
211.429,-48.285,-3472.16
211.429,-48.2775,-3461.48
211.429,-48.27,-3455.84
211.429,-48.2625,-3452.06
211.429,-48.255,-3445.46
211.429,-48.2475,-3436.72
211.429,-48.24,-3431.07
211.429,-48.2325,-3431.68
211.429,-48.225,-3439.57
211.429,-48.2175,-3454.98
211.429,-48.21,-3475.95
211.429,-48.2025,-3497.46
211.429,-48.195,-3514.3
211.429,-48.1875,-3523.24
211.429,-48.18,-3522.86
211.429,-48.1725,-3514.02
211.429,-48.165,-3500.17
211.429,-48.1575,-3486.67
211.429,-48.15,-3477.78
211.429,-48.1425,-3475.19
211.429,-48.135,-3479.73
211.429,-48.1275,-3492.33
211.429,-48.12,-3513.28
211.429,-48.1125,-3542.4
211.429,-48.105,-3578.31
211.429,-48.0975,-3620.17
211.429,-48.09,-3665.76
211.429,-48.0825,-3713.63
211.429,-48.075,-3761.87
211.429,-48.0675,-3809.63
211.429,-48.06,-3855.49
211.429,-48.0525,-3899.71
211.429,-48.045,-3942.43
211.429,-48.0375,-3984.26
211.429,-48.03,-4025.77
211.429,-48.0225,-4067.7
211.429,-48.015,-4110.61
211.429,-48.0075,-4155.06
211.429,-48,-4200.97
211.429,-47.9925,-4248.7
211.429,-47.985,-4297.97
211.429,-47.9775,-4349.21
211.442,-48.42,-4236.13
211.442,-48.4125,-4187.4
211.442,-48.405,-4139.85
211.442,-48.3975,-4092.7
211.442,-48.39,-4046.24
211.442,-48.3825,-4000.53
211.442,-48.375,-3954.19
211.442,-48.3675,-3908.31
211.442,-48.36,-3862.69
211.442,-48.3525,-3817.93
211.442,-48.345,-3774.49
211.442,-48.3375,-3733.18
211.442,-48.33,-3694.84
211.442,-48.3225,-3660.29
211.442,-48.315,-3630.21
211.442,-48.3075,-3604.76
211.442,-48.3,-3583.77
211.442,-48.2925,-3566.58
211.442,-48.285,-3553.16
211.442,-48.2775,-3542.25
211.442,-48.27,-3533.36
211.442,-48.2625,-3524.64
211.442,-48.255,-3515.34
211.442,-48.2475,-3506.51
211.442,-48.24,-3501.77
211.442,-48.2325,-3506.35
211.442,-48.225,-3517.49
211.442,-48.2175,-3532.83
211.442,-48.21,-3550.37
211.442,-48.2025,-3566.86
211.442,-48.195,-3579.52
211.442,-48.1875,-3586.12
211.442,-48.18,-3586.21
211.442,-48.1725,-3581.08
211.442,-48.165,-3572.66
211.442,-48.1575,-3564.07
211.442,-48.15,-3557.75
211.442,-48.1425,-3555.59
211.442,-48.135,-3558.85
211.442,-48.1275,-3568.22
211.442,-48.12,-3584.68
211.442,-48.1125,-3608.16
211.442,-48.105,-3638.41
211.442,-48.0975,-3674.59
211.442,-48.09,-3714.99
211.442,-48.0825,-3757.9
211.442,-48.075,-3802.17
211.442,-48.0675,-3846.17
211.442,-48.06,-3889.57
211.442,-48.0525,-3931.85
211.442,-48.045,-3973.48
211.442,-48.0375,-4014.5
211.442,-48.03,-4055.31
211.442,-48.0225,-4096.75
211.442,-48.015,-4138.94
211.442,-48.0075,-4182.55
211.442,-48,-4227.57
211.442,-47.9925,-4274.97
211.442,-47.985,-4324.09
211.442,-47.9775,-4374.79
211.455,-48.42,-4238.84
211.455,-48.4125,-4192.18
211.455,-48.405,-4147.15
211.455,-48.3975,-4103.19
211.455,-48.39,-4059.81
211.455,-48.3825,-4016.77
211.455,-48.375,-3974.33
211.455,-48.3675,-3932.55
211.455,-48.36,-3891.09
211.455,-48.3525,-3850.84
211.455,-48.345,-3811.94
211.455,-48.3375,-3775.39
211.455,-48.33,-3741.71
211.455,-48.3225,-3711.79
211.455,-48.315,-3687.64
211.455,-48.3075,-3668.35
211.455,-48.3,-3652.52
211.455,-48.2925,-3638.95
211.455,-48.285,-3626.84
211.455,-48.2775,-3615.1
211.455,-48.27,-3603.46
211.455,-48.2625,-3592.25
211.455,-48.255,-3582.24
211.455,-48.2475,-3575.25
211.455,-48.24,-3573.75
211.455,-48.2325,-3579.33
211.455,-48.225,-3591.18
211.455,-48.2175,-3607.48
211.455,-48.21,-3624.95
211.455,-48.2025,-3640.9
211.455,-48.195,-3652.29
211.455,-48.1875,-3658.3
211.455,-48.18,-3658.93
211.455,-48.1725,-3655.5
211.455,-48.165,-3649.61
211.455,-48.1575,-3643.15
211.455,-48.15,-3637.95
211.455,-48.1425,-3635.23
211.455,-48.135,-3636.38
211.455,-48.1275,-3642.22
211.455,-48.12,-3653.87
211.455,-48.1125,-3672.16
211.455,-48.105,-3697.9
211.455,-48.0975,-3729.91
211.455,-48.09,-3766.71
211.455,-48.0825,-3806.47
211.455,-48.075,-3847.24
211.455,-48.0675,-3888.28
211.455,-48.06,-3928.86
211.455,-48.0525,-3968.72
211.455,-48.045,-4008.27
211.455,-48.0375,-4047.44
211.455,-48.03,-4087.48
211.455,-48.0225,-4127.64
211.455,-48.015,-4169.25
211.455,-48.0075,-4211.92
211.455,-48,-4256.81
211.455,-47.9925,-4303.77
211.455,-47.985,-4352.23
211.455,-47.9775,-4402.44
211.467,-48.42,-4245.9
211.467,-48.4125,-4201.35
211.467,-48.405,-4158.49
211.467,-48.3975,-4117.09
211.467,-48.39,-4076.48
211.467,-48.3825,-4036.42
211.467,-48.375,-3997.48
211.467,-48.3675,-3959.24
211.467,-48.36,-3921.91
211.467,-48.3525,-3885.94
211.467,-48.345,-3851.74
211.467,-48.3375,-3819.59
211.467,-48.33,-3790.42
211.467,-48.3225,-3765.23
211.467,-48.315,-3745.48
211.467,-48.3075,-3730.06
211.467,-48.3,-3717.37
211.467,-48.2925,-3706.08
211.467,-48.285,-3694.52
211.467,-48.2775,-3681.14
211.467,-48.27,-3666.4
211.467,-48.2625,-3651.96
211.467,-48.255,-3639.81
211.467,-48.2475,-3632.49
211.467,-48.24,-3631.85
211.467,-48.2325,-3638.57
211.467,-48.225,-3652.64
211.467,-48.2175,-3671.52
211.467,-48.21,-3692.41
211.467,-48.2025,-3711.4
211.467,-48.195,-3724.22
211.467,-48.1875,-3730.2
211.467,-48.18,-3731.24
211.467,-48.1725,-3729.13
211.467,-48.165,-3724.94
211.467,-48.1575,-3720.5
211.467,-48.15,-3716.31
211.467,-48.1425,-3713.73
211.467,-48.135,-3713.65
211.467,-48.1275,-3716.49
211.467,-48.12,-3724.01
211.467,-48.1125,-3737.3
211.467,-48.105,-3759.57
211.467,-48.0975,-3789.29
211.467,-48.09,-3823.37
211.467,-48.0825,-3860.03
211.467,-48.075,-3897.96
211.467,-48.0675,-3935.67
211.467,-48.06,-3972.56
211.467,-48.0525,-4009.4
211.467,-48.045,-4046.06
211.467,-48.0375,-4083.36
211.467,-48.03,-4121.58
211.467,-48.0225,-4161.04
211.467,-48.015,-4201.99
211.467,-48.0075,-4244.37
211.467,-48,-4288.94
211.467,-47.9925,-4335.22
211.467,-47.985,-4383.03
211.467,-47.9775,-4432.71
211.48,-48.42,-4256.83
211.48,-48.4125,-4214.19
211.48,-48.405,-4173.07
211.48,-48.3975,-4133.49
211.48,-48.39,-4095.5
211.48,-48.3825,-4058.48
211.48,-48.375,-4022.48
211.48,-48.3675,-3987.65
211.48,-48.36,-3953.79
211.48,-48.3525,-3921.43
211.48,-48.345,-3891.02
211.48,-48.3375,-3863.22
211.48,-48.33,-3838.12
211.48,-48.3225,-3816.74
211.48,-48.315,-3799.31
211.48,-48.3075,-3785.32
211.48,-48.3,-3774.06
211.48,-48.2925,-3763.59
211.48,-48.285,-3751.95
211.48,-48.2775,-3736
211.48,-48.27,-3715.38
211.48,-48.2625,-3694.7
211.48,-48.255,-3678.16
211.48,-48.2475,-3668.16
211.48,-48.24,-3666.58
211.48,-48.2325,-3674.27
211.48,-48.225,-3690.36
211.48,-48.2175,-3712.99
211.48,-48.21,-3739.33
211.48,-48.2025,-3764.95
211.48,-48.195,-3780.9
211.48,-48.1875,-3788.61
211.48,-48.18,-3792.5
211.48,-48.1725,-3793.84
211.48,-48.165,-3793.65
211.48,-48.1575,-3792.69
211.48,-48.15,-3791.35
211.48,-48.1425,-3790.51
211.48,-48.135,-3791.09
211.48,-48.1275,-3793.88
211.48,-48.12,-3800.29
211.48,-48.1125,-3811.95
211.48,-48.105,-3830.46
211.48,-48.0975,-3855.38
211.48,-48.09,-3884.95
211.48,-48.0825,-3917.42
211.48,-48.075,-3951.6
211.48,-48.0675,-3985.72
211.48,-48.06,-4018.48
211.48,-48.0525,-4051.76
211.48,-48.045,-4085.6
211.48,-48.0375,-4120.58
211.48,-48.03,-4157.32
211.48,-48.0225,-4196.06
211.48,-48.015,-4236.32
211.48,-48.0075,-4278.65
211.48,-48,-4322.91
211.48,-47.9925,-4368.69
211.48,-47.985,-4416.35
211.48,-47.9775,-4465.2
211.493,-48.42,-4269.48
211.493,-48.4125,-4228.26
211.493,-48.405,-4189.03
211.493,-48.3975,-4151.49
211.493,-48.39,-4115.36
211.493,-48.3825,-4080.91
211.493,-48.375,-4047.48
211.493,-48.3675,-4015.71
211.493,-48.36,-3984.6
211.493,-48.3525,-3955.12
211.493,-48.345,-3927.69
211.493,-48.3375,-3902.31
211.493,-48.33,-3879.47
211.493,-48.3225,-3859.39
211.493,-48.315,-3842.38
211.493,-48.3075,-3827.45
211.493,-48.3,-3813.96
211.493,-48.2925,-3801.33
211.493,-48.285,-3787.28
211.493,-48.2775,-3766.85
211.493,-48.27,-3739.58
211.493,-48.2625,-3712.57
211.493,-48.255,-3690.92
211.493,-48.2475,-3677.33
211.493,-48.24,-3674.4
211.493,-48.2325,-3682.54
211.493,-48.225,-3700.58
211.493,-48.2175,-3726.09
211.493,-48.21,-3755.36
211.493,-48.2025,-3783.68
211.493,-48.195,-3806.94
211.493,-48.1875,-3824.05
211.493,-48.18,-3836.41
211.493,-48.1725,-3845.69
211.493,-48.165,-3852.51
211.493,-48.1575,-3857.59
211.493,-48.15,-3861.2
211.493,-48.1425,-3863.8
211.493,-48.135,-3866.82
211.493,-48.1275,-3870.98
211.493,-48.12,-3877.98
211.493,-48.1125,-3888.76
211.493,-48.105,-3903.94
211.493,-48.0975,-3924.05
211.493,-48.09,-3947.94
211.493,-48.0825,-3974.77
211.493,-48.075,-4003.81
211.493,-48.0675,-4033
211.493,-48.06,-4063.01
211.493,-48.0525,-4093.83
211.493,-48.045,-4125.6
211.493,-48.0375,-4158.96
211.493,-48.03,-4194.55
211.493,-48.0225,-4232.41
211.493,-48.015,-4272.49
211.493,-48.0075,-4314.65
211.493,-48,-4358.66
211.493,-47.9925,-4404.19
211.493,-47.985,-4451.19
211.493,-47.9775,-4499.62
211.506,-48.42,-4281.87
211.506,-48.4125,-4242.2
211.506,-48.405,-4204.45
211.506,-48.3975,-4168.67
211.506,-48.39,-4134.48
211.506,-48.3825,-4102.1
211.506,-48.375,-4070.98
211.506,-48.3675,-4041.02
211.506,-48.36,-4012.35
211.506,-48.3525,-3985.08
211.506,-48.345,-3959.46
211.506,-48.3375,-3935.4
211.506,-48.33,-3913.34
211.506,-48.3225,-3892.92
211.506,-48.315,-3873.86
211.506,-48.3075,-3855.41
211.506,-48.3,-3836.98
211.506,-48.2925,-3817.22
211.506,-48.285,-3794.56
211.506,-48.2775,-3767.75
211.506,-48.27,-3737.35
211.506,-48.2625,-3707.05
211.506,-48.255,-3681.57
211.506,-48.2475,-3664.87
211.506,-48.24,-3660.69
211.506,-48.2325,-3670.21
211.506,-48.225,-3691.75
211.506,-48.2175,-3721.84
211.506,-48.21,-3755.5
211.506,-48.2025,-3789.35
211.506,-48.195,-3820.29
211.506,-48.1875,-3846.81
211.506,-48.18,-3868.91
211.506,-48.1725,-3887.01
211.506,-48.165,-3901.83
211.506,-48.1575,-3914.1
211.506,-48.15,-3923.81
211.506,-48.1425,-3930.79
211.506,-48.135,-3936.28
211.506,-48.1275,-3942.95
211.506,-48.12,-3950.56
211.506,-48.1125,-3960.52
211.506,-48.105,-3973.22
211.506,-48.0975,-3988.97
211.506,-48.09,-4008.12
211.506,-48.0825,-4030.16
211.506,-48.075,-4054.3
211.506,-48.0675,-4080.14
211.506,-48.06,-4107.61
211.506,-48.0525,-4136.19
211.506,-48.045,-4166.52
211.506,-48.0375,-4198.56
211.506,-48.03,-4232.91
211.506,-48.0225,-4270.53
211.506,-48.015,-4310.64
211.506,-48.0075,-4352.72
211.506,-48,-4396.49
211.506,-47.9925,-4441.66
211.506,-47.985,-4488.55
211.506,-47.9775,-4536.28
211.519,-48.42,-4293.62
211.519,-48.4125,-4255.22
211.519,-48.405,-4218.94
211.519,-48.3975,-4184.5
211.519,-48.39,-4151.63
211.519,-48.3825,-4120.54
211.519,-48.375,-4090.98
211.519,-48.3675,-4062.93
211.519,-48.36,-4036.31
211.519,-48.3525,-4010.94
211.519,-48.345,-3986.7
211.519,-48.3375,-3963.67
211.519,-48.33,-3941.67
211.519,-48.3225,-3920.33
211.519,-48.315,-3898.74
211.519,-48.3075,-3876.74
211.519,-48.3,-3853.25
211.519,-48.2925,-3827.39
211.519,-48.285,-3798.46
211.519,-48.2775,-3766.63
211.519,-48.27,-3732.47
211.519,-48.2625,-3698.29
211.519,-48.255,-3668.03
211.519,-48.2475,-3646.52
211.519,-48.24,-3640.5
211.519,-48.2325,-3653.86
211.519,-48.225,-3682.42
211.519,-48.2175,-3719.36
211.519,-48.21,-3759.5
211.519,-48.2025,-3799.38
211.519,-48.195,-3836.82
211.519,-48.1875,-3870.06
211.519,-48.18,-3898.96
211.519,-48.1725,-3923.59
211.519,-48.165,-3944.3
211.519,-48.1575,-3961.83
211.519,-48.15,-3976.08
211.519,-48.1425,-3987.29
211.519,-48.135,-3997
211.519,-48.1275,-4005.92
211.519,-48.12,-4014.8
211.519,-48.1125,-4024.14
211.519,-48.105,-4034.94
211.519,-48.0975,-4048.01
211.519,-48.09,-4063.94
211.519,-48.0825,-4082.57
211.519,-48.075,-4103.63
211.519,-48.0675,-4127.37
211.519,-48.06,-4152.83
211.519,-48.0525,-4180.31
211.519,-48.045,-4209.69
211.519,-48.0375,-4241.47
211.519,-48.03,-4275.41
211.519,-48.0225,-4312.66
211.519,-48.015,-4352.25
211.519,-48.0075,-4393.87
211.519,-48,-4437.31
211.519,-47.9925,-4481.98
211.519,-47.985,-4527.9
211.519,-47.9775,-4575.01
211.532,-48.42,-4304.76
211.532,-48.4125,-4267.53
211.532,-48.405,-4232.13
211.532,-48.3975,-4198.46
211.532,-48.39,-4166.87
211.532,-48.3825,-4137.32
211.532,-48.375,-4109.25
211.532,-48.3675,-4082.79
211.532,-48.36,-4057.92
211.532,-48.3525,-4034.18
211.532,-48.345,-4011.42
211.532,-48.3375,-3989.5
211.532,-48.33,-3967.76
211.532,-48.3225,-3945.95
211.532,-48.315,-3923.52
211.532,-48.3075,-3899.57
211.532,-48.3,-3873.51
211.532,-48.2925,-3845.1
211.532,-48.285,-3814.11
211.532,-48.2775,-3780.33
211.532,-48.27,-3745.15
211.532,-48.2625,-3710.08
211.532,-48.255,-3678.39
211.532,-48.2475,-3654.07
211.532,-48.24,-3645.26
211.532,-48.2325,-3664.25
211.532,-48.225,-3698.31
211.532,-48.2175,-3739.62
211.532,-48.21,-3783.13
211.532,-48.2025,-3825.9
211.532,-48.195,-3865.91
211.532,-48.1875,-3902.05
211.532,-48.18,-3933.95
211.532,-48.1725,-3961.18
211.532,-48.165,-3984.54
211.532,-48.1575,-4004.27
211.532,-48.15,-4021.18
211.532,-48.1425,-4035.17
211.532,-48.135,-4047.51
211.532,-48.1275,-4059.04
211.532,-48.12,-4069.25
211.532,-48.1125,-4078.42
211.532,-48.105,-4088.05
211.532,-48.0975,-4099.87
211.532,-48.09,-4114.22
211.532,-48.0825,-4131.16
211.532,-48.075,-4151.19
211.532,-48.0675,-4173.52
211.532,-48.06,-4198.54
211.532,-48.0525,-4225.9
211.532,-48.045,-4255.23
211.532,-48.0375,-4287.19
211.532,-48.03,-4321.44
211.532,-48.0225,-4358.12
211.532,-48.015,-4397.25
211.532,-48.0075,-4438.01
211.532,-48,-4480.46
211.532,-47.9925,-4524.45
211.532,-47.985,-4569.78
211.532,-47.9775,-4615.9
211.545,-48.42,-4315.16
211.545,-48.4125,-4278.68
211.545,-48.405,-4243.94
211.545,-48.3975,-4211.4
211.545,-48.39,-4181.02
211.545,-48.3825,-4152.38
211.545,-48.375,-4125.69
211.545,-48.3675,-4101.05
211.545,-48.36,-4077.71
211.545,-48.3525,-4055.91
211.545,-48.345,-4034.95
211.545,-48.3375,-4014.57
211.545,-48.33,-3994.51
211.545,-48.3225,-3973.82
211.545,-48.315,-3952.17
211.545,-48.3075,-3928.93
211.545,-48.3,-3903.71
211.545,-48.2925,-3876.4
211.545,-48.285,-3847.05
211.545,-48.2775,-3815.94
211.545,-48.27,-3784.34
211.545,-48.2625,-3754.39
211.545,-48.255,-3729.36
211.545,-48.2475,-3713.13
211.545,-48.24,-3711.01
211.545,-48.2325,-3726.02
211.545,-48.225,-3754.93
211.545,-48.2175,-3792.08
211.545,-48.21,-3832.91
211.545,-48.2025,-3873.69
211.545,-48.195,-3911.98
211.545,-48.1875,-3946.5
211.545,-48.18,-3976.96
211.545,-48.1725,-4003.36
211.545,-48.165,-4026.33
211.545,-48.1575,-4045.81
211.545,-48.15,-4062.93
211.545,-48.1425,-4077.74
211.545,-48.135,-4090.69
211.545,-48.1275,-4102.3
211.545,-48.12,-4112.8
211.545,-48.1125,-4122.77
211.545,-48.105,-4133.06
211.545,-48.0975,-4144.59
211.545,-48.09,-4158.98
211.545,-48.0825,-4176
211.545,-48.075,-4195.98
211.545,-48.0675,-4218.94
211.545,-48.06,-4244.43
211.545,-48.0525,-4272.1
211.545,-48.045,-4302.19
211.545,-48.0375,-4334.58
211.545,-48.03,-4368.84
211.545,-48.0225,-4405.49
211.545,-48.015,-4444.06
211.545,-48.0075,-4484.3
211.545,-48,-4526.01
211.545,-47.9925,-4569.04
211.545,-47.985,-4613.37
211.545,-47.9775,-4658.62
211.557,-48.42,-4325.38
211.557,-48.4125,-4289.35
211.557,-48.405,-4255.36
211.557,-48.3975,-4223.39
211.557,-48.39,-4194.02
211.557,-48.3825,-4166.55
211.557,-48.375,-4141.48
211.557,-48.3675,-4118.31
211.557,-48.36,-4096.94
211.557,-48.3525,-4077.1
211.557,-48.345,-4058.31
211.557,-48.3375,-4040.39
211.557,-48.33,-4022.58
211.557,-48.3225,-4004.62
211.557,-48.315,-3985.83
211.557,-48.3075,-3965.46
211.557,-48.3,-3943.75
211.557,-48.2925,-3920.76
211.557,-48.285,-3896.08
211.557,-48.2775,-3870.76
211.557,-48.27,-3845.55
211.557,-48.2625,-3822.85
211.557,-48.255,-3805.53
211.557,-48.2475,-3796.35
211.557,-48.24,-3797.74
211.557,-48.2325,-3811.06
211.557,-48.225,-3834.85
211.557,-48.2175,-3866.46
211.557,-48.21,-3902.17
211.557,-48.2025,-3938.46
211.557,-48.195,-3971.79
211.557,-48.1875,-4001.34
211.557,-48.18,-4027
211.557,-48.1725,-4049.98
211.557,-48.165,-4070.08
211.557,-48.1575,-4088.08
211.557,-48.15,-4103.92
211.557,-48.1425,-4118.1
211.557,-48.135,-4130.61
211.557,-48.1275,-4142.11
211.557,-48.12,-4152.59
211.557,-48.1125,-4162.98
211.557,-48.105,-4173.79
211.557,-48.0975,-4185.9
211.557,-48.09,-4200.88
211.557,-48.0825,-4218.99
211.557,-48.075,-4240.37
211.557,-48.0675,-4264.53
211.557,-48.06,-4291.09
211.557,-48.0525,-4319.9
211.557,-48.045,-4350.57
211.557,-48.0375,-4383.23
211.557,-48.03,-4417.72
211.557,-48.0225,-4454.28
211.557,-48.015,-4492.48
211.557,-48.0075,-4532.01
211.557,-48,-4573.07
211.557,-47.9925,-4615.23
211.557,-47.985,-4658.66
211.557,-47.9775,-4702.84
211.57,-48.42,-4336.08
211.57,-48.4125,-4300.26
211.57,-48.405,-4266.65
211.57,-48.3975,-4235.3
211.57,-48.39,-4206.42
211.57,-48.3825,-4180.23
211.57,-48.375,-4156.65
211.57,-48.3675,-4135.1
211.57,-48.36,-4115.81
211.57,-48.3525,-4098.04
211.57,-48.345,-4081.52
211.57,-48.3375,-4066.2
211.57,-48.33,-4051.26
211.57,-48.3225,-4036.73
211.57,-48.315,-4021.78
211.57,-48.3075,-4006.27
211.57,-48.3,-3990.17
211.57,-48.2925,-3973.19
211.57,-48.285,-3955.28
211.57,-48.2775,-3936.47
211.57,-48.27,-3917.57
211.57,-48.2625,-3900.9
211.57,-48.255,-3889.04
211.57,-48.2475,-3883.77
211.57,-48.24,-3886.7
211.57,-48.2325,-3898.53
211.57,-48.225,-3918.51
211.57,-48.2175,-3945.1
211.57,-48.21,-3975.78
211.57,-48.2025,-4007.59
211.57,-48.195,-4034.8
211.57,-48.1875,-4057.87
211.57,-48.18,-4078.52
211.57,-48.1725,-4097.33
211.57,-48.165,-4114.65
211.57,-48.1575,-4130.52
211.57,-48.15,-4144.98
211.57,-48.1425,-4158.29
211.57,-48.135,-4170.47
211.57,-48.1275,-4182.11
211.57,-48.12,-4193.12
211.57,-48.1125,-4204.15
211.57,-48.105,-4215.54
211.57,-48.0975,-4228.5
211.57,-48.09,-4243.91
211.57,-48.0825,-4263.89
211.57,-48.075,-4286.67
211.57,-48.0675,-4312.24
211.57,-48.06,-4339.83
211.57,-48.0525,-4369.23
211.57,-48.045,-4400.55
211.57,-48.0375,-4433.58
211.57,-48.03,-4468.07
211.57,-48.0225,-4504.47
211.57,-48.015,-4542.12
211.57,-48.0075,-4581.17
211.57,-48,-4621.24
211.57,-47.9925,-4662.84
211.57,-47.985,-4705.2
211.57,-47.9775,-4748.13
211.583,-48.42,-4348.42
211.583,-48.4125,-4312.58
211.583,-48.405,-4279.1
211.583,-48.3975,-4247.96
211.583,-48.39,-4219.58
211.583,-48.3825,-4194.5
211.583,-48.375,-4172.31
211.583,-48.3675,-4152.74
211.583,-48.36,-4135.01
211.583,-48.3525,-4119.22
211.583,-48.345,-4104.93
211.583,-48.3375,-4091.9
211.583,-48.33,-4079.7
211.583,-48.3225,-4068.52
211.583,-48.315,-4057.72
211.583,-48.3075,-4047.24
211.583,-48.3,-4037.08
211.583,-48.2925,-4026.96
211.583,-48.285,-4016.17
211.583,-48.2775,-4003.64
211.583,-48.27,-3989.48
211.583,-48.2625,-3976.84
211.583,-48.255,-3968.02
211.583,-48.2475,-3964.76
211.583,-48.24,-3968.21
211.583,-48.2325,-3978.28
211.583,-48.225,-3994.45
211.583,-48.2175,-4015.74
211.583,-48.21,-4039.94
211.583,-48.2025,-4064.92
211.583,-48.195,-4087.78
211.583,-48.1875,-4108.13
211.583,-48.18,-4126.28
211.583,-48.1725,-4142.85
211.583,-48.165,-4158.32
211.583,-48.1575,-4172.66
211.583,-48.15,-4186.31
211.583,-48.1425,-4199.32
211.583,-48.135,-4211.94
211.583,-48.1275,-4224.31
211.583,-48.12,-4236.42
211.583,-48.1125,-4248.77
211.583,-48.105,-4262.14
211.583,-48.0975,-4276.9
211.583,-48.09,-4294.33
211.583,-48.0825,-4314.69
211.583,-48.075,-4337.98
211.583,-48.0675,-4363.86
211.583,-48.06,-4391.57
211.583,-48.0525,-4421.29
211.583,-48.045,-4452.52
211.583,-48.0375,-4485.53
211.583,-48.03,-4519.91
211.583,-48.0225,-4555.93
211.583,-48.015,-4593.17
211.583,-48.0075,-4631.36
211.583,-48,-4670.74
211.583,-47.9925,-4711.18
211.583,-47.985,-4752.2
211.583,-47.9775,-4794.19
211.596,-48.42,-4363.37
211.596,-48.4125,-4327.93
211.596,-48.405,-4294.5
211.596,-48.3975,-4263.37
211.596,-48.39,-4235.33
211.596,-48.3825,-4211.22
211.596,-48.375,-4190.41
211.596,-48.3675,-4172.21
211.596,-48.36,-4155.83
211.596,-48.3525,-4141.39
211.596,-48.345,-4128.69
211.596,-48.3375,-4117.46
211.596,-48.33,-4107.52
211.596,-48.3225,-4098.81
211.596,-48.315,-4091.28
211.596,-48.3075,-4084.51
211.596,-48.3,-4078.55
211.596,-48.2925,-4073
211.596,-48.285,-4067.23
211.596,-48.2775,-4059.61
211.596,-48.27,-4049.87
211.596,-48.2625,-4041.19
211.596,-48.255,-4035.76
211.596,-48.2475,-4034.36
211.596,-48.24,-4037.96
211.596,-48.2325,-4046.59
211.596,-48.225,-4059.8
211.596,-48.2175,-4076.49
211.596,-48.21,-4095.82
211.596,-48.2025,-4115.64
211.596,-48.195,-4135.21
211.596,-48.1875,-4153.58
211.596,-48.18,-4170.56
211.596,-48.1725,-4186.21
211.596,-48.165,-4201.1
211.596,-48.1575,-4214.99
211.596,-48.15,-4228.47
211.596,-48.1425,-4242
211.596,-48.135,-4255.67
211.596,-48.1275,-4269.14
211.596,-48.12,-4282.76
211.596,-48.1125,-4297.17
211.596,-48.105,-4312.49
211.596,-48.0975,-4329.19
211.596,-48.09,-4348.14
211.596,-48.0825,-4369.15
211.596,-48.075,-4392.75
211.596,-48.0675,-4418.31
211.596,-48.06,-4446.06
211.596,-48.0525,-4475.53
211.596,-48.045,-4506.59
211.596,-48.0375,-4539.16
211.596,-48.03,-4573.07
211.596,-48.0225,-4608.4
211.596,-48.015,-4644.8
211.596,-48.0075,-4682.29
211.596,-48,-4720.77
211.596,-47.9925,-4760.13
211.596,-47.985,-4800.12
211.596,-47.9775,-4840.75
211.609,-48.42,-4382.23
211.609,-48.4125,-4347.58
211.609,-48.405,-4314.97
211.609,-48.3975,-4284.61
211.609,-48.39,-4257.33
211.609,-48.3825,-4233.65
211.609,-48.375,-4213.08
211.609,-48.3675,-4195.14
211.609,-48.36,-4179.34
211.609,-48.3525,-4165.37
211.609,-48.345,-4153.23
211.609,-48.3375,-4142.97
211.609,-48.33,-4134.23
211.609,-48.3225,-4126.99
211.609,-48.315,-4121.1
211.609,-48.3075,-4116.4
211.609,-48.3,-4112.56
211.609,-48.2925,-4109.17
211.609,-48.285,-4105.43
211.609,-48.2775,-4101.11
211.609,-48.27,-4096.73
211.609,-48.2625,-4092.59
211.609,-48.255,-4090.67
211.609,-48.2475,-4091.58
211.609,-48.24,-4096.09
211.609,-48.2325,-4104.2
211.609,-48.225,-4115.6
211.609,-48.2175,-4129.9
211.609,-48.21,-4146.09
211.609,-48.2025,-4163.13
211.609,-48.195,-4180.5
211.609,-48.1875,-4197.43
211.609,-48.18,-4213.75
211.609,-48.1725,-4229.27
211.609,-48.165,-4244.15
211.609,-48.1575,-4258.53
211.609,-48.15,-4272.84
211.609,-48.1425,-4287.23
211.609,-48.135,-4301.87
211.609,-48.1275,-4316.6
211.609,-48.12,-4332.06
211.609,-48.1125,-4347.95
211.609,-48.105,-4365.09
211.609,-48.0975,-4383.48
211.609,-48.09,-4403.48
211.609,-48.0825,-4425.26
211.609,-48.075,-4448.94
211.609,-48.0675,-4474.72
211.609,-48.06,-4502.13
211.609,-48.0525,-4531.12
211.609,-48.045,-4561.84
211.609,-48.0375,-4593.82
211.609,-48.03,-4627.25
211.609,-48.0225,-4661.62
211.609,-48.015,-4697.18
211.609,-48.0075,-4733.69
211.609,-48,-4771.08
211.609,-47.9925,-4809.33
211.609,-47.985,-4848.18
211.609,-47.9775,-4887.41
211.622,-48.42,-4405.07
211.622,-48.4125,-4371.82
211.622,-48.405,-4340.36
211.622,-48.3975,-4311.26
211.622,-48.39,-4284.94
211.622,-48.3825,-4261.18
211.622,-48.375,-4240.11
211.622,-48.3675,-4221.58
211.622,-48.36,-4205.62
211.622,-48.3525,-4191.48
211.622,-48.345,-4179.2
211.622,-48.3375,-4169.06
211.622,-48.33,-4160.54
211.622,-48.3225,-4153.68
211.622,-48.315,-4148.75
211.622,-48.3075,-4144.97
211.622,-48.3,-4142.43
211.622,-48.2925,-4140.42
211.622,-48.285,-4138.56
211.622,-48.2775,-4137.03
211.622,-48.27,-4135.68
211.622,-48.2625,-4135.18
211.622,-48.255,-4136.32
211.622,-48.2475,-4139.34
211.622,-48.24,-4145.07
211.622,-48.2325,-4153.46
211.622,-48.225,-4164.68
211.622,-48.2175,-4177.88
211.622,-48.21,-4192.89
211.622,-48.2025,-4208.57
211.622,-48.195,-4224.9
211.622,-48.1875,-4241.15
211.622,-48.18,-4257.36
211.622,-48.1725,-4273.07
211.622,-48.165,-4288.56
211.622,-48.1575,-4303.81
211.622,-48.15,-4319.05
211.622,-48.1425,-4334.45
211.622,-48.135,-4350.13
211.622,-48.1275,-4366.25
211.622,-48.12,-4382.75
211.622,-48.1125,-4400.35
211.622,-48.105,-4418.84
211.622,-48.0975,-4438.27
211.622,-48.09,-4459.33
211.622,-48.0825,-4481.75
211.622,-48.075,-4505.65
211.622,-48.0675,-4531.66
211.622,-48.06,-4558.69
211.622,-48.0525,-4587.38
211.622,-48.045,-4617.6
211.622,-48.0375,-4648.88
211.622,-48.03,-4681.4
211.622,-48.0225,-4714.99
211.622,-48.015,-4749.54
211.622,-48.0075,-4785.08
211.622,-48,-4821.35
211.622,-47.9925,-4858.1
211.622,-47.985,-4895.57
211.622,-47.9775,-4933.67
211.634,-48.42,-4430.93
211.634,-48.4125,-4399.11
211.634,-48.405,-4369.15
211.634,-48.3975,-4340.92
211.634,-48.39,-4315.12
211.634,-48.3825,-4291.56
211.634,-48.375,-4270.46
211.634,-48.3675,-4251.52
211.634,-48.36,-4234.74
211.634,-48.3525,-4219.95
211.634,-48.345,-4207
211.634,-48.3375,-4196.25
211.634,-48.33,-4187.46
211.634,-48.3225,-4180.68
211.634,-48.315,-4175.74
211.634,-48.3075,-4172.8
211.634,-48.3,-4171.22
211.634,-48.2925,-4170.49
211.634,-48.285,-4170.38
211.634,-48.2775,-4170.86
211.634,-48.27,-4172.03
211.634,-48.2625,-4173.85
211.634,-48.255,-4177.1
211.634,-48.2475,-4181.72
211.634,-48.24,-4188.78
211.634,-48.2325,-4198.07
211.634,-48.225,-4209.72
211.634,-48.2175,-4223.01
211.634,-48.21,-4237.59
211.634,-48.2025,-4253.01
211.634,-48.195,-4269.18
211.634,-48.1875,-4285.4
211.634,-48.18,-4301.67
211.634,-48.1725,-4317.91
211.634,-48.165,-4334.15
211.634,-48.1575,-4350.21
211.634,-48.15,-4366.55
211.634,-48.1425,-4382.99
211.634,-48.135,-4399.78
211.634,-48.1275,-4416.96
211.634,-48.12,-4434.78
211.634,-48.1125,-4453.44
211.634,-48.105,-4472.92
211.634,-48.0975,-4493.55
211.634,-48.09,-4515.24
211.634,-48.0825,-4538.14
211.634,-48.075,-4562.39
211.634,-48.0675,-4588.05
211.634,-48.06,-4615.16
211.634,-48.0525,-4643.38
211.634,-48.045,-4672.88
211.634,-48.0375,-4703.62
211.634,-48.03,-4735.19
211.634,-48.0225,-4768.05
211.634,-48.015,-4801.59
211.634,-48.0075,-4835.88
211.634,-48,-4870.86
211.634,-47.9925,-4906.43
211.634,-47.985,-4942.53
211.634,-47.9775,-4979.03
211.647,-48.42,-4459.11
211.647,-48.4125,-4428.72
211.647,-48.405,-4400
211.647,-48.3975,-4372.95
211.647,-48.39,-4347.8
211.647,-48.3825,-4324.66
211.647,-48.375,-4303.42
211.647,-48.3675,-4284.16
211.647,-48.36,-4266.87
211.647,-48.3525,-4251.43
211.647,-48.345,-4237.75
211.647,-48.3375,-4226.24
211.647,-48.33,-4216.67
211.647,-48.3225,-4209.4
211.647,-48.315,-4204.75
211.647,-48.3075,-4202.38
211.647,-48.3,-4201.98
211.647,-48.2925,-4202.43
211.647,-48.285,-4203.75
211.647,-48.2775,-4205.95
211.647,-48.27,-4208.67
211.647,-48.2625,-4212.15
211.647,-48.255,-4216.88
211.647,-48.2475,-4222.78
211.647,-48.24,-4230.74
211.647,-48.2325,-4241.24
211.647,-48.225,-4253.65
211.647,-48.2175,-4267.52
211.647,-48.21,-4282.54
211.647,-48.2025,-4297.99
211.647,-48.195,-4314.29
211.647,-48.1875,-4330.68
211.647,-48.18,-4347.26
211.647,-48.1725,-4363.99
211.647,-48.165,-4381.06
211.647,-48.1575,-4397.93
211.647,-48.15,-4415.06
211.647,-48.1425,-4432.43
211.647,-48.135,-4450.22
211.647,-48.1275,-4468.49
211.647,-48.12,-4487.19
211.647,-48.1125,-4506.83
211.647,-48.105,-4527.16
211.647,-48.0975,-4548.29
211.647,-48.09,-4570.68
211.647,-48.0825,-4594.02
211.647,-48.075,-4618.34
211.647,-48.0675,-4644.11
211.647,-48.06,-4670.93
211.647,-48.0525,-4698.6
211.647,-48.045,-4727.57
211.647,-48.0375,-4757.53
211.647,-48.03,-4788.36
211.647,-48.0225,-4820.16
211.647,-48.015,-4852.57
211.647,-48.0075,-4885.76
211.647,-48,-4919.52
211.647,-47.9925,-4953.73
211.647,-47.985,-4988.4
211.647,-47.9775,-5023.41
